SKU,START_DATE,END_DATE,DATE_QUALIFIER,DISCONTINUED,BRAND,PRODUCT_GROUP1,PRODUCT_GROUP2,PRODUCT_GROUP3,PRODUCT_GROUP4,PRODUCT_GROUP1_QTY,PRODUCT_GROUP2_QTY,PRODUCT_GROUP3_QTY,PRODUCT_GROUP4_QTY,DEPARTMENT1,ROOM1,ROOM2,ROOM3,ROOM4,ROOM5,ROOM6,CATEGORY1,CATEGORY2,CATEGORY3,CATEGORY4,CATEGORY5,CATEGORY6,COLLECTION,FINISH1,FINISH2,FINISH3,MATERIAL,MOTION_TYPE1,MOTION_TYPE2,SECTIONAL,TYPE1,SUBTYPE1A,SUBTYPE1B,TYPE2,SUBTYPE2A,SUBTYPE2B,TYPE3,SUBTYPE3A,SUBTYPE3B,STYLE,SUITE,COUNTRY_OF_ORIGIN,MADE_IN_USA,BED_SIZE1,FEATURES1,TABLE_TYPE,SEAT_TYPE,WIDTH,DEPTH,HEIGHT,LENGTH,INSIDE_WIDTH,INSIDE_DEPTH,INSIDE_HEIGHT,WEIGHT,VOLUME,DIAMETER,ARM_HEIGHT,SEAT_DEPTH,SEAT_HEIGHT,SEAT_WIDTH,HEADBOARD_HEIGHT,FOOTBOARD_HEIGHT,NUMBER_OF_DRAWERS,NUMBER_OF_LEAVES,NUMBER_OF_SHELVES,CARTON_WIDTH,CARTON_DEPTH,CARTON_HEIGHT,CARTON_WEIGHT,CARTON_VOLUME,CARTON_LENGTH,PHOTO1,PHOTO2,PHOTO3,PHOTO4,PHOTO5,PHOTO6,PHOTO7,PHOTO8,PHOTO9,PHOTO10,INFO1,INFO2,INFO3,INFO4,INFO5,DESCRIPTION,PRODUCT_DESCRIPTION,SPECIFICATIONS,CONSTRUCTION,COLLECTION_FEATURES,WARRANTY,ADDITIONAL_INFORMATION,DISCLAIMER,VIEWTYPE,ITEM_URL
,,,,,,,,,,,,,,,,,,,,,Dining Collections,,,,,,Dining Tables,,,,,,,,,,,,,,,,,,,,,,,,,,,,,,,,,,,,,,,,,,,,,,,,,,https://www.mavinfurniture.com/wp-content/uploads/Alsace-Group-4-Detail-4-Round-Plank-Top-2-copy-1024x791.jpg,,,,,,,,,,,,,,,ROUND PLANK,,,,,,Round Plank Table Top PIB,,,https://www.mavinfurniture.com/products/tables/
,,,,,,,,,,,,,,,,,,,,,Dining Collections,,,,,,Dining Tables,,,,,,,,,,,,,,,,,,,,,,,,,,,,,,,,,,,,,,,,,,,,,,,,,,https://www.mavinfurniture.com/wp-content/uploads/new/CHAIRS-VENICE-VENICE_BELAIR_MOCHA_RS-1024x768.webp,,,,,,,,,,,,,,,RECTANGULAR PLANK,,,,,,Rectangular (PA) Table Top,,,https://www.mavinfurniture.com/products/tables/
,,,,,,,,,,,,,,,,,,,,,Dining Collections,,,,,,Dining Tables,,,,,,,,,,,,,,,,,,,,,,,,,,,,,,,,,,,,,,,,,,,,,,,,,,https://www.mavinfurniture.com/wp-content/uploads/new/CHAIRS-BLAKE-BLAKE_NATURALE_RS-1024x768.webp,,,,,,,,,,,,,,,NATURALE,,,,,,Naturale (N) Table Top,,,https://www.mavinfurniture.com/products/tables/
,,,,,,,,,,,,,,,,,,,,,Dining Collections,,,,,,Dining Tables,,,,,,,,,,,,,,,,,,,,,,,,,,,,,,,,,,,,,,,,,,,,,,,,,,https://www.mavinfurniture.com/wp-content/uploads/new/Hannah%20Group%201%207992-DINING-ASBURY%20-%20Sydney%20Storage%20Table-Edit-3%20copy-1024x768.webp,,,,,,,,,,,,,,,SYDNEY STORAGE,,,,,,Sydney Storage (SSA) Table 3 with Hannah Barstools,,,https://www.mavinfurniture.com/products/tables/
,,,,,,,,,,,,,,,,,,,,,Dining Collections,,,,,,Dining Tables,,,,,,,,,,,,,,,,,,,,,,,,,,,,,,,,,,,,,,,,,,,,,,,,,,https://www.mavinfurniture.com/wp-content/uploads/new/46747BurgundyGroup1Detail2-Hi-1024x768.webp,,,,,,,,,,,,,,,COPPER,,,,,,Copper (COB) Table Top,,,https://www.mavinfurniture.com/products/tables/
,,,,,,,,,,,,,,,,,,,,,Dining Collections,,,,,,Dining Tables,,,,,,,,,,,,,,,,,,,,,,,,,,,,,,,,,,,,,,,,,,,,,,,,,,https://www.mavinfurniture.com/wp-content/uploads/new/CHAIRS-SINCLAIR-Sinclair_Maple_RS-1024x768.webp,,,,,,,,,,,,,,,ZINC,,,,,,Rectangular Zinc (ZIA) table top,,,https://www.mavinfurniture.com/products/tables/
,,,,,,,,,,,,,,,,,,,,,Dining Collections,,,,,,Dining Tables,,,,,,,,,,,,,,,,,,,,,,,,,,,,,,,,,,,,,,,,,,,,,,,,,,https://www.mavinfurniture.com/wp-content/uploads/new/boulder_table_grace_austin_rs-2-1024x768.webp,,,,,,,,,,,,,,,BOULDER,,,,,,Boulder Table (BL),,,https://www.mavinfurniture.com/products/tables/
,,,,,,,,,,,,,,,,,,,,,Dining Collections,,,,,,Dining Tables,,,,,,,,,,,,,,,,,,,,,,,,,,,,,,,,,,,,,,,,,,,,,,,,,,https://www.mavinfurniture.com/wp-content/uploads/4242_OSLO_DINING_RS-1.webp,,,,,,,,,,,,,,,OSLO,,,,,,Oslo (B) Table,,,https://www.mavinfurniture.com/products/tables/
,,,,,,,,,,,,,,,,,,,,,Dining Collections,,,,,,Dining Tables,,,,,,,,,,,,,,,,,,,,,,,,,,,,,,,,,,,,,,,,,,,,,,,,,,https://www.mavinfurniture.com/wp-content/uploads/new/liveedgetable-1024x768.webp,,,,,,,,,,,,,,,LIVE EDGE,,,,,,Live Edge Top,,,https://www.mavinfurniture.com/products/tables/
,,,,,,,,,,,,,,,,,,,,,Dining Collections,,,,,,Dining Tables,,,,,,,,,,,,,,,,,,,,,,,,,,,,,,,,,,,,,,,,,,,,,,,,,,https://www.mavinfurniture.com/wp-content/uploads/new/Bakersfield%20Group%203%20Bakersfield-Rectangular-Norfolk%20-%20Rectangular%20Top-1024x768.webp,,,,,,,,,,,,,,,RECTANGULAR,,,,,,Rectangular (A) table top,,,https://www.mavinfurniture.com/products/tables/
,,,,,,,,,,,,,,,,,,,,,Dining Collections,,,,,,Dining Tables,,,,,,,,,,,,,,,,,,,,,,,,,,,,,,,,,,,,,,,,,,,,,,,,,,https://www.mavinfurniture.com/wp-content/uploads/new/CLEVELAND%20Group%202%20METROBUFFET_RS%20-%20Round%20Top-1024x768.webp,,,,,,,,,,,,,,,OVAL / ROUND,,,,,,Round (B) table top,,,https://www.mavinfurniture.com/products/tables/
,,,,,,,,,,,,,,,,,,,,,Dining Collections,,,,,,Dining Tables,,,,,,,,,,,,,,,,,,,,,,,,,,,,,,,,,,,,,,,,,,,,,,,,,,https://www.mavinfurniture.com/wp-content/uploads/concave-1024x768.webp,,,,,,,,,,,,,,,CONCAVE,,,,,,concave,,,https://www.mavinfurniture.com/products/tables/
,,,,,,,,,,,,,,,,,,,,,Dining Collections,,,,,,Dining Tables,,,,,,,,,,,,,,,,,,,,,,,,,,,,,,,,,,,,,,,,,,,,,,,,,,https://www.mavinfurniture.com/wp-content/uploads/new/CHAIRS-BRINKLEYBRINKLEY%20Group%206%20STFC18BS_QMM_RS%20revised-1024x768.webp,,,,,,,,,,,,,,,BOAT,,,,,,Boat (O) Table Top,,,https://www.mavinfurniture.com/products/tables/
,,,,,,,,,,,,,,,,,,,,,Dining Collections,,,,,,Dining Tables,,,,,,,,,,,,,,,,,,,,,,,,,,,,,,,,,,,,,,,,,,,,,,,,,,https://www.mavinfurniture.com/wp-content/uploads/cosmo-1024x768.webp,,,,,,,,,,,,,,,COSMO,,,,,,Cosmo Table,,,https://www.mavinfurniture.com/products/tables/
,,,,,,,,,,,,,,,,,,,,,Dining Collections,,,,,,Dining Tables,,,,,,,,,,,,,,,,,,,,,,,,,,,,,,,,,,,,,,,,,,,,,,,,,,https://www.mavinfurniture.com/wp-content/uploads/38X84_TABLE_RS-2-1-1024x732.jpg,,,,,,,,,,,,,,,POLO,,,,,,Polo (E) Table Top,,,https://www.mavinfurniture.com/products/tables/
,,,,,,,,,,,,,,,,,,,,,Dining Collections,,,,,,Dining Tables,,,,,,,,,,,,,,,,,,,,,,,,,,,,,,,,,,,,,,,,,,,,,,,,,,https://www.mavinfurniture.com/wp-content/uploads/2022/07/CHAIRS-HANNAH-HANNAH_4872_JAMESTOWN_RS-1.jpg,,,,,,,,,,,,,,,NEO,,,,,,Neo (L) Table Top,,,https://www.mavinfurniture.com/products/tables/
,,,,,,,,,,,,,,,,,,,,,Dining Collections,,,,,,Dining Chairs,,,,,,,,,,,,,,,,,,,,,,,,,,,,,,,,,,,,,,,,,,,,,,,,,,https://www.mavinfurniture.com/wp-content/uploads/2022/08/mavin-chairs-ava-beauty.jpg,https://www.mavinfurniture.com/wp-content/uploads/2022/08/mavin-chairs-ava-ava6704-2.jpg,https://www.mavinfurniture.com/wp-content/uploads/2022/08/mavin-chairs-ava-ava6704-2-2.jpg,https://www.mavinfurniture.com/wp-content/uploads/2022/08/mavin-chairs-ava-ava6702-2.jpg,https://www.mavinfurniture.com/wp-content/uploads/2022/08/mavin-chairs-ava-ava6702.jpg,,,,,,,,,,,Ava,,,,,,,,,https://www.mavinfurniture.com/products/chairs/ava/
,,,,,,,,,,,,,,,,,,,,,Dining Collections,,,,,,Dining Chairs,,,,,,,,,,,,,,,,,,,,,,,,,,,,,,,,,,,,,,,,,,,,,,,,,,https://www.mavinfurniture.com/wp-content/uploads/2022/08/mavin-chairs-alex-beauty.jpg,https://www.mavinfurniture.com/wp-content/uploads/2022/08/mavin-chairs-alex-alx7614-2-2.jpg,https://www.mavinfurniture.com/wp-content/uploads/2022/08/mavin-chairs-alex-alx7614-3.jpg,,,,,,,,,,,,,Alex,,,,,,,,,https://www.mavinfurniture.com/products/chairs/alex/
,,,,,,,,,,,,,,,,,,,,,Dining Collections,,,,,,Dining Chairs,,,,,,,,,,,,,,,,,,,,,,,,,,,,,,,,,,,,,,,,,,,,,,,,,,https://www.mavinfurniture.com/wp-content/uploads/2022/08/mavin-chairs-adams-beauty.jpg,https://www.mavinfurniture.com/wp-content/uploads/2022/08/mavin-chairs-adams-adm1904.jpg,https://www.mavinfurniture.com/wp-content/uploads/2022/08/mavin-chairs-adams-adm1902-2-1.jpg,https://www.mavinfurniture.com/wp-content/uploads/2022/08/mavin-chairs-adams-adm1902-2.jpg,,,,,,,,,,,,Adams,,,,,,,,,https://www.mavinfurniture.com/products/chairs/adams/
,,,,,,,,,,,,,,,,,,,,,Dining Collections,,,,,,Dining Chairs,,,,,,,,,,,,,,,,,,,,,,,,,,,,,,,,,,,,,,,,,,,,,,,,,,https://www.mavinfurniture.com/wp-content/uploads/2022/08/mavin-chairs-arlo-beauty.jpg,https://www.mavinfurniture.com/wp-content/uploads/2022/08/mavin-chairs-arlo-arl4714-4.jpg,https://www.mavinfurniture.com/wp-content/uploads/2022/08/mavin-chairs-arlo-arl4714-3.jpg,https://www.mavinfurniture.com/wp-content/uploads/2022/08/mavin-chairs-arlo-arl4714.jpg,https://www.mavinfurniture.com/wp-content/uploads/2022/08/mavin-chairs-arlo-arl4714-2-1.jpg,,,,,,,,,,,Arlo,,,,,,,,,https://www.mavinfurniture.com/products/chairs/arlo/
,,,,,,,,,,,,,,,,,,,,,Dining Collections,,,,,,Dining Chairs,,,,,,,,,,,,,,,,,,,,,,,,,,,,,,,,,,,,,,,,,,,,,,,,,,https://www.mavinfurniture.com/wp-content/uploads/2022/08/mavin-chairs-bakersfield-beauty.jpg,https://www.mavinfurniture.com/wp-content/uploads/2022/08/mavin-chairs-bakersfield-bak2604-3.jpg,https://www.mavinfurniture.com/wp-content/uploads/2022/08/mavin-chairs-bakersfield-bak2602.jpg,https://www.mavinfurniture.com/wp-content/uploads/2022/08/mavin-chairs-bakersfield-bak2604-4.jpg,https://www.mavinfurniture.com/wp-content/uploads/2022/08/mavin-chairs-bakersfield-bak2604-5.jpg,,,,,,,,,,,Bakersfield,,,,,,,,,https://www.mavinfurniture.com/products/chairs/bakersfield/
,,,,,,,,,,,,,,,,,,,,,Dining Collections,,,,,,Dining Chairs,,,,,,,,,,,,,,,,,,,,,,,,,,,,,,,,,,,,,,,,,,,,,,,,,,https://www.mavinfurniture.com/wp-content/uploads/2022/08/mavin-chairs-aspen-beauty.jpg,https://www.mavinfurniture.com/wp-content/uploads/2022/08/mavin-chairs-aspen-asp6004-2-2.jpg,https://www.mavinfurniture.com/wp-content/uploads/2022/08/mavin-chairs-aspen-asp6004-2-1.jpg,https://www.mavinfurniture.com/wp-content/uploads/2022/08/mavin-chairs-aspen-asp6004-3.jpg,https://www.mavinfurniture.com/wp-content/uploads/2022/08/mavin-chairs-aspen-asp6004-2.jpg,,,,,,,,,,,Aspen,,,,,,,,,https://www.mavinfurniture.com/products/chairs/aspen/
,,,,,,,,,,,,,,,,,,,,,Dining Collections,,,,,,Dining Chairs,,,,,,,,,,,,,,,,,,,,,,,,,,,,,,,,,,,,,,,,,,,,,,,,,,https://www.mavinfurniture.com/wp-content/uploads/2022/08/mavin-chairs-Venice-beauty-08.jpg,https://www.mavinfurniture.com/wp-content/uploads/2022/08/mavin-chairs-Venice-VEN6202-07.jpg,https://www.mavinfurniture.com/wp-content/uploads/2022/08/mavin-chairs-Venice-VEN6202-2-03.jpg,https://www.mavinfurniture.com/wp-content/uploads/2022/08/mavin-chairs-Venice-VEN6204-2-05.jpg,https://www.mavinfurniture.com/wp-content/uploads/2022/08/mavin-chairs-Venice-VEN6204-2-04.jpg,https://www.mavinfurniture.com/wp-content/uploads/2022/08/mavin-chairs-Venice-VEN6202-3-02.jpg,https://www.mavinfurniture.com/wp-content/uploads/2022/08/mavin-chairs-Venice-VEN6204-01.jpg,,,,,,,,,Venice,,,,,,,,,https://www.mavinfurniture.com/products/chairs/venice/
,,,,,,,,,,,,,,,,,,,,,Dining Collections,,,,,,Dining Chairs,,,,,,,,,,,,,,,,,,,,,,,,,,,,,,,,,,,,,,,,,,,,,,,,,,https://www.mavinfurniture.com/wp-content/uploads/MV_DiningRoom_Walker_view-01B.jpg,https://www.mavinfurniture.com/wp-content/uploads/MV_DiningRoom_Walker_view-01.jpg,https://www.mavinfurniture.com/wp-content/uploads/MV_DiningRoom_Walker_view-04.jpg,https://www.mavinfurniture.com/wp-content/uploads/Walker-Caster-Chair_Maple_402-Mocha_324-Mushroom_Angle.jpg,https://www.mavinfurniture.com/wp-content/uploads/Walker-Caster-Chair_Maple_402-Mocha_324-Mushroom_Front.jpg,https://www.mavinfurniture.com/wp-content/uploads/Walker-Caster-Chair_Walnut_100-Natural_325-Texas_Angle.jpg,https://www.mavinfurniture.com/wp-content/uploads/Walker_Caster_Chair_Texas_Front.jpg,,,,,,,,,Walker,,,,,,,,,https://www.mavinfurniture.com/products/chairs/walker/
,,,,,,,,,,,,,,,,,,,,,Dining Collections,,,,,,Dining Chairs,,,,,,,,,,,,,,,,,,,,,,,,,,,,,,,,,,,,,,,,,,,,,,,,,,https://www.mavinfurniture.com/wp-content/uploads/2022/11/4884P_plank_table_-thea_rs.jpg,https://www.mavinfurniture.com/wp-content/uploads/2022/11/thea_chair_2206_luna_silo_ALT.jpg,https://www.mavinfurniture.com/wp-content/uploads/2022/11/thea_chair_2206_luna_silo_ho.jpg,,,,,,,,,,,,,Thea,,,,,,,,,https://www.mavinfurniture.com/products/chairs/thea/
,,,,,,,,,,,,,,,,,,,,,Dining Collections,,,,,,Dining Chairs,,,,,,,,,,,,,,,,,,,,,,,,,,,,,,,,,,,,,,,,,,,,,,,,,,https://www.mavinfurniture.com/wp-content/uploads/PLANK_TABLE_w-BREAD-BOARD_RS-2.jpg,https://www.mavinfurniture.com/wp-content/uploads/WESTLAKE_CHAIR_SILO_HO.jpg,https://www.mavinfurniture.com/wp-content/uploads/WESTLAKE_CHAIR_SILO_ALT.jpg,,,,,,,,,,,,,Westlake,,,,,,,,,https://www.mavinfurniture.com/products/chairs/westlake/
,,,,,,,,,,,,,,,,,,,,,Dining Collections,,,,,,Dining Chairs,,,,,,,,,,,,,,,,,,,,,,,,,,,,,,,,,,,,,,,,,,,,,,,,,,https://www.mavinfurniture.com/wp-content/uploads/2022/08/mavin-chairs-Sinclair-beauty-05.jpg,https://www.mavinfurniture.com/wp-content/uploads/2022/08/mavin-chairs-Sinclair-SIN5514-2-02.jpg,https://www.mavinfurniture.com/wp-content/uploads/2022/08/mavin-chairs-Sinclair-SIN5514-01.jpg,https://www.mavinfurniture.com/wp-content/uploads/2022/08/mavin-chairs-Sinclair-SIN5514-3-03.jpg,https://www.mavinfurniture.com/wp-content/uploads/2022/08/mavin-chairs-Sinclair-SIN5514-4-04.jpg,,,,,,,,,,,Sinclair,,,,,,,,,https://www.mavinfurniture.com/products/chairs/sinclair/
,,,,,,,,,,,,,,,,,,,,,Dining Collections,,,,,,Dining Cases,,,,,,,,,,,,,,,,,,,,,,,,,,,,,,,,,,,,,,,,,,,,,,,,,,https://www.mavinfurniture.com/wp-content/uploads/essex.webp,https://www.mavinfurniture.com/wp-content/uploads/essex-hutch-mudark.webp,,,,,,,,,,,,,,Essex,,,,,,,,,https://www.mavinfurniture.com/products/cases/essex/
,,,,,,,,,,,,,,,,,,,,,Dining Collections,,,,,,Dining Chairs,,,,,,,,,,,,,,,,,,,,,,,,,,,,,,,,,,,,,,,,,,,,,,,,,,https://www.mavinfurniture.com/wp-content/uploads/2022/08/mavin-chairs-Single-X-beauty-02.jpg,https://www.mavinfurniture.com/wp-content/uploads/2022/08/mavin-chairs-Single-X-SGL2204-3-07.jpg,https://www.mavinfurniture.com/wp-content/uploads/2022/08/mavin-chairs-Single-X-SGL2204-2-05.jpg,,,,,,,,,,,,,Single-X,,,,,,,,,https://www.mavinfurniture.com/products/chairs/single-x/
,,,,,,,,,,,,,,,,,,,,,Dining Collections,,,,,,Dining Chairs,,,,,,,,,,,,,,,,,,,,,,,,,,,,,,,,,,,,,,,,,,,,,,,,,,https://www.mavinfurniture.com/wp-content/uploads/liveedge.jpg,https://www.mavinfurniture.com/wp-content/uploads/42x48_LIVE_EDGE_WS_2.jpg,https://www.mavinfurniture.com/wp-content/uploads/42x48_LIVE_EDGE_WS_1.jpg,https://www.mavinfurniture.com/wp-content/uploads/2022/08/mavin-chairs-Stella-STL6604-2-07.jpg,https://www.mavinfurniture.com/wp-content/uploads/2022/08/mavin-chairs-Stella-STL6604-06.jpg,,,,,,,,,,,Stella,,,,,,,,,https://www.mavinfurniture.com/products/chairs/stella/
,,,,,,,,,,,,,,,,,,,,,Dining Collections,,,,,,Dining Chairs,,,,,,,,,,,,,,,,,,,,,,,,,,,,,,,,,,,,,,,,,,,,,,,,,,https://www.mavinfurniture.com/wp-content/uploads/42x72_WORMY_MAPLE_CONCAVE_RS.jpg,https://www.mavinfurniture.com/wp-content/uploads/42x72_WORMY_MAPLE_CONCAVE_WS-1.jpg,https://www.mavinfurniture.com/wp-content/uploads/SOLON_CHAIR_SILO_HO.jpg,https://www.mavinfurniture.com/wp-content/uploads/SOLON_CHAIR_SILO_ALT.jpg,,,,,,,,,,,,Solon,,,,,,,,,https://www.mavinfurniture.com/products/chairs/solon/
,,,,,,,,,,,,,,,,,,,,,Dining Collections,,,,,,Dining Cases,,,,,,,,,,,,,,,,,,,,,,,,,,,,,,,,,,,,,,,,,,,,,,,,,,https://www.mavinfurniture.com/wp-content/uploads/SAYBROOK_CONSOLE_VIGN.jpg,https://www.mavinfurniture.com/wp-content/uploads/SAYBROOK_CONSOLE_WS_1.jpg,https://www.mavinfurniture.com/wp-content/uploads/SAYBROOK_CONSOLE_WS_2.jpg,https://www.mavinfurniture.com/wp-content/uploads/SAYBROOK_CONSOLE_DETAILS_1.jpg,https://www.mavinfurniture.com/wp-content/uploads/th-Saybrook-Console-SAYC31CS.jpg,https://www.mavinfurniture.com/wp-content/uploads/SAYBROOK_CONSOLE_HO.jpg,https://www.mavinfurniture.com/wp-content/uploads/SAYBROOK_CONSOLE_ALT.jpg,https://www.mavinfurniture.com/wp-content/uploads/Saybrook_Small_Console_Front-2.jpg,https://www.mavinfurniture.com/wp-content/uploads/Saybrook_Small_Console_Angle.jpg,,,,,,,Saybrook Console,,,,,,,,,https://www.mavinfurniture.com/products/cases/saybrook-console/
,,,,,,,,,,,,,,,,,,,,,Dining Collections,,,,,,Dining Cases,,,,,,,,,,,,,,,,,,,,,,,,,,,,,,,,,,,,,,,,,,,,,,,,,,https://www.mavinfurniture.com/wp-content/uploads/5454_DINING_WS_1.jpg,https://www.mavinfurniture.com/wp-content/uploads/5454_DINING_DETAILS_3.jpg,https://www.mavinfurniture.com/wp-content/uploads/3872_CONCAVE_DINING_WS_1.jpg,https://www.mavinfurniture.com/wp-content/uploads/3872_CONCAVE_DINING_WORKING-SHOT_3.jpg,https://www.mavinfurniture.com/wp-content/uploads/SM_MONTEREY_CONSOLE_SILO_HO.jpg,https://www.mavinfurniture.com/wp-content/uploads/SM_MONTEREY_CONSOLE_SILO_ALT.jpg,https://www.mavinfurniture.com/wp-content/uploads/MONTEREY_CONSOLE_SILO_ALT.jpg,https://www.mavinfurniture.com/wp-content/uploads/MONTEREY_CONSOLE_SILO_HO.jpg,,,,,,,,Monterey Console,,,,,,,,,https://www.mavinfurniture.com/products/cases/monterey-console/
,,,,,,,,,,,,,,,,,,,,,Dining Collections,,,,,,Dining Cases,,,,,,,,,,,,,,,,,,,,,,,,,,,,,,,,,,,,,,,,,,,,,,,,,,https://www.mavinfurniture.com/wp-content/uploads/2022/08/versailles122405VERSAILLES_SIDEBOARD_SILO_HO-hi.jpg,https://www.mavinfurniture.com/wp-content/uploads/2022/08/versailles44702VERSAILLES_SIDEBOARD_SILO_ALT-hi.jpg,https://www.mavinfurniture.com/wp-content/uploads/2022/08/versailles64303V-SBVersaillesSideboard2SILO-hi.jpg,https://www.mavinfurniture.com/wp-content/uploads/2022/08/versailles142734V-SBVersaillesSideboard2SILO-ALT-hi.jpg,,,,,,,,,,,,Versailles,,,,,,,,,https://www.mavinfurniture.com/products/cases/versailles/
,,,,,,,,,,,,,,,,,,,,,Dining Collections,,,,,,Dining Cases,,,,,,,,,,,,,,,,,,,,,,,,,,,,,,,,,,,,,,,,,,,,,,,,,,https://www.mavinfurniture.com/wp-content/uploads/2022/08/mavin-chairs-bakersfield-beauty-3.jpg,https://www.mavinfurniture.com/wp-content/uploads/2022/08/staffordSTFC18BS-QMM_BUFF_SILO-1.jpg,https://www.mavinfurniture.com/wp-content/uploads/2022/08/stafford69484STFC18BS-QMM_BUFF_SILO_ALT_hi.jpg,,,,,,,,,,,,,Stafford,,,,,,,,,https://www.mavinfurniture.com/products/cases/stafford/
,,,,,,,,,,,,,,,,,,,,,Bedroom Collections,,,,,,Bedroom Collections,,,,,,,,,,,,,,,,,,,,,,,,,,,,,,,,,,,,,,,,,,,,,,,,,,https://www.mavinfurniture.com/wp-content/uploads/2022/08/24569ATWOOD_PANEL_BED_RS_hi-3.jpg,https://www.mavinfurniture.com/wp-content/uploads/2022/08/86733ATWOOD_PANEL_BED_FRONT_hi.jpg,https://www.mavinfurniture.com/wp-content/uploads/2022/08/1828ATWOOD_PANEL_BED_SIL0_SIDE_hi.jpg,https://www.mavinfurniture.com/wp-content/uploads/2022/08/64228ATD08247-M-front_hi.jpg,https://www.mavinfurniture.com/wp-content/uploads/2022/08/11198ATD08247-M_3-4_hi.jpg,https://www.mavinfurniture.com/wp-content/uploads/2022/08/62310ATWOOD_GRIDWORK_BED_RS_hi.jpg,https://www.mavinfurniture.com/wp-content/uploads/2022/08/11534Q_GRIDWORK_BED_SILO_HO_hi.jpg,https://www.mavinfurniture.com/wp-content/uploads/2022/08/58067Lindsey_Dark_Bed_Silo_Alt_EDIT2_hi.jpg,https://www.mavinfurniture.com/wp-content/uploads/2022/08/28620Q_GRIDWORK_BED_SILO_ALT_hi.jpg,https://www.mavinfurniture.com/wp-content/uploads/2022/08/111787ATWOOD-PANELRetouch3_hi-2.jpg,,,,,,Adrienne,,,,,,"Breathe new life with a contemporary spin on traditional design. With clean lines and quality workmanship as the hallmark of this collection, Atwood defines what it truly means to be classically modern. Available in three bed designs and many coordinating pieces in a variety of wood species and finishes. Each piece is crafted by skilled artisans to exact specifications.",,,https://www.mavinfurniture.com/products/bedrooms/atwood/
,,,,,,,,,,,,,,,,,,,,,Dining Collections,,,,,,Dining Cases,,,,,,,,,,,,,,,,,,,,,,,,,,,,,,,,,,,,,,,,,,,,,,,,,,https://www.mavinfurniture.com/wp-content/uploads/2022/08/mavin-chairs-Marque-beauty-06.jpg,https://www.mavinfurniture.com/wp-content/uploads/MV_DiningRoom_Dutton_view02.webp,https://www.mavinfurniture.com/wp-content/uploads/MV_DiningRoom_Dutton_view03.webp,https://www.mavinfurniture.com/wp-content/uploads/Zayn-Sideboard_Qt-SawOak_400Belair_Angle.webp,https://www.mavinfurniture.com/wp-content/uploads/Zayn-Sideboard_Qt-SawOak_400Belair_Front.webp,,,,,,,,,,,Zayne,,,,,,,,,https://www.mavinfurniture.com/products/cases/zayne/
,,,,,,,,,,,,,,,,,,,,,Dining Collections,,,,,,Dining Cases,,,,,,,,,,,,,,,,,,,,,,,,,,,,,,,,,,,,,,,,,,,,,,,,,,https://www.mavinfurniture.com/wp-content/uploads/42x72_WORMY_MAPLE_CONCAVE_WS-2.jpg,https://www.mavinfurniture.com/wp-content/uploads/2022/08/mavin-chairs-Weston-beauty-12.jpg,https://www.mavinfurniture.com/wp-content/uploads/2022/08/castlebarcropped_91172CASTLEBAR_SERVER_SILO_HO_hi-1.jpg,https://www.mavinfurniture.com/wp-content/uploads/2022/08/castlebar92186CASTLEBAR_SERVER_SILO_ALT_hi.jpg,,,,,,,,,,,,Castlebar,,,,,,,,,https://www.mavinfurniture.com/products/cases/castlebar/
,,,,,,,,,,,,,,,,,,,,,Occasional Collection,,,,,,Occasional Collection,,,,,,,,,,,,,,,,,,,,,,,,,,,,,,,,,,,,,,,,,,,,,,,,,,https://www.mavinfurniture.com/wp-content/uploads/BARLEY_GROUP_SHOT.jpg,https://www.mavinfurniture.com/wp-content/uploads/42_BARLEY_RECT_COFFEE_TABLE_SILO_HO.jpg,https://www.mavinfurniture.com/wp-content/uploads/42_BARLEY_RECT_COFFEE_TABLE_SILO_ALT.jpg,https://www.mavinfurniture.com/wp-content/uploads/BARLEY_ROUND_COFFEE_TABLE_SILO_HO.jpg,https://www.mavinfurniture.com/wp-content/uploads/BARLEY_ROUND_COFFEE_TABLE_SILO_ALT.jpg,https://www.mavinfurniture.com/wp-content/uploads/24_SQUARE_COFFEE_TABLE_SILO_HO.jpg,https://www.mavinfurniture.com/wp-content/uploads/24_SQUARE_COFFEE_TABLE_SILO_ALT.jpg,https://www.mavinfurniture.com/wp-content/uploads/24_ROUND_END_TABLE_SILO_HO.jpg,https://www.mavinfurniture.com/wp-content/uploads/24_ROUND_END_TABLE_SILO_ALT.jpg,https://www.mavinfurniture.com/wp-content/uploads/60-X-18_SOFA_TABLE_SILO_HO.jpg,,,,,,Barley Occasionals,,,,,,,,,https://www.mavinfurniture.com/products/tables/barley/
,,,,,,,,,,,,,,,,,,,,,Bedroom Collections,,,,,,Bedroom Collections,,,,,,,,,,,,,,,,,,,,,,,,,,,,,,,,,,,,,,,,,,,,,,,,,,https://www.mavinfurniture.com/wp-content/uploads/2022/07/charleston-archedpanel.jpg,https://www.mavinfurniture.com/wp-content/uploads/2022/08/16432CHA_KING_SILO_HO_hi.jpg,https://www.mavinfurniture.com/wp-content/uploads/2022/08/7502CHA_KING_SILO_3_4_hi.jpg,https://www.mavinfurniture.com/wp-content/uploads/2022/08/56127CHA_DR6_MIR5_SILO_HO_hi.jpg,https://www.mavinfurniture.com/wp-content/uploads/2022/08/75770CHA_DR6_MIR5_SILO_3-4_hi.jpg,https://www.mavinfurniture.com/wp-content/uploads/2022/08/132765CHA_CHIFFEROBE2_SILO_HO_hi.jpg,https://www.mavinfurniture.com/wp-content/uploads/2022/08/14273CHA_CHIFFEROBE2_SILO_3-4_hi.jpg,https://www.mavinfurniture.com/wp-content/uploads/2022/08/122996Charlelston_Queen_Bedroom_RS_hi.jpg,https://www.mavinfurniture.com/wp-content/uploads/2022/08/116401CHA_NIGHTSTAND5_SILO_HO_hi.jpg,https://www.mavinfurniture.com/wp-content/uploads/2022/08/77318CHA_NIGHTSTAND5_SILO_3-4_hi.jpg,,,,,,Adrienne,,,,,,"Elegant southern living is showcased in this modern farmhouse collection. Ornate edges with intricate craftsmanship welcome a charm all of its own with inset slatted panels and strong lines. Available in a variety of wood species and finishes, each piece is crafted by skilled artisans to exact specifications. Coordinating nightstands, dressers, mirrors and chests are also available.",,,https://www.mavinfurniture.com/products/bedrooms/charleston/
,,,,,,,,,,,,,,,,,,,,,Bedroom Collections,,,,,,Bedroom Collections,,,,,,,,,,,,,,,,,,,,,,,,,,,,,,,,,,,,,,,,,,,,,,,,,,https://www.mavinfurniture.com/wp-content/uploads/KINGSPORT_K_SLEIGH_BEDROOM_RS.jpg,https://www.mavinfurniture.com/wp-content/uploads/KINGSPORT_K_SLEIGH_BEDROOM_WS_1.jpg,https://www.mavinfurniture.com/wp-content/uploads/KINGSPORT_K_SLEIGH_BEDROOM_DETAILS_5.jpg,https://www.mavinfurniture.com/wp-content/uploads/KINGSPORT_K_SLEIGH_BEDROOM_DETAILS_4.jpg,https://www.mavinfurniture.com/wp-content/uploads/KINGSPORT_K_SLEIGH_BEDROOM_DETAILS_3.jpg,https://www.mavinfurniture.com/wp-content/uploads/KINGSPORT_K_SLEIGH_BEDROOM_DETAILS_2.jpg,https://www.mavinfurniture.com/wp-content/uploads/KINGSPORT_K_SLEIGH_BEDROOM_DETAILS_1.jpg,https://www.mavinfurniture.com/wp-content/uploads/KINGSPORT_K_SLEIGH_BEDROOM_Chest_WS_.jpg,https://www.mavinfurniture.com/wp-content/uploads/KINGSPORT_K_SLEIGH_BED_SILO_HO.jpg,https://www.mavinfurniture.com/wp-content/uploads/KINGSPORT_K_SLEIGH_BED_SILO_ALT.jpg,,,,,,Adrienne,,,,,,"The Kingsport collection offers refined lines and curve appeal for your style conscious and creative tastes. Our panel bed design radiates strength and elegance in any choice of stain. While the upholstered bed combines the beauty of solid wood with subtle curves and rich fabrics. Coordinating nightstands, dressers, mirrors and chests are also available to complement either bed design choice.",,,https://www.mavinfurniture.com/products/bedrooms/kingsport/
,,,,,,,,,,,,,,,,,,,,,Occasional Collection,,,,,,Occasional Collection,,,,,,,,,,,,,,,,,,,,,,,,,,,,,,,,,,,,,,,,,,,,,,,,,,https://www.mavinfurniture.com/wp-content/uploads/FRISCO_TABLE_GROUP_SHOT.jpg,https://www.mavinfurniture.com/wp-content/uploads/54X30_RECT_FRISCO_COFFEE_TABLE_RS_CONV.jpg,https://www.mavinfurniture.com/wp-content/uploads/42%EF%80%A0SQ_FRISCO_COFFFEE_TABLE_RS.jpg,https://www.mavinfurniture.com/wp-content/uploads/36%EF%80%A0SQ_FRISCO_COFFFEE_TABLE_RS.jpg,https://www.mavinfurniture.com/wp-content/uploads/54X30_RECT_FRISCO_COFFEE_TABLE_SILO_HO.jpg,https://www.mavinfurniture.com/wp-content/uploads/54X30_RECT_FRISCO_COFFEE_TABLE_SILO_ALT.jpg,https://www.mavinfurniture.com/wp-content/uploads/42_SQ_FRISCO_COFFEE_TABLE_SILO_HO.jpg,https://www.mavinfurniture.com/wp-content/uploads/42_SQ_FRISCO_COFFEE_TABLE_SILO_ALT.jpg,https://www.mavinfurniture.com/wp-content/uploads/36_SQ_FRISCO_COFFFEE_TABLE_SILO_HO.jpg,https://www.mavinfurniture.com/wp-content/uploads/36_SQ_FRISCO_COFFFEE_TABLE_SILO_ALT.jpg,,,,,,Frisco Occasionals,,,,,,,,,https://www.mavinfurniture.com/products/tables/frisco/
,,,,,,,,,,,,,,,,,,,,,Occasional Collection,,,,,,Occasional Collection,,,,,,,,,,,,,,,,,,,,,,,,,,,,,,,,,,,,,,,,,,,,,,,,,,https://www.mavinfurniture.com/wp-content/uploads/ATWOOD_GROUP_SHOT-drawers.jpg,https://www.mavinfurniture.com/wp-content/uploads/ATWOOD_TABLE_GROUP_SHOT.jpg,https://www.mavinfurniture.com/wp-content/uploads/ATWOOD_TABLES_WS-2.jpg,https://www.mavinfurniture.com/wp-content/uploads/22X24_ATWOOD_END_TABLE_SILO_HO.jpg,https://www.mavinfurniture.com/wp-content/uploads/22X24_ATWOOD_END_TABLE_SILO_ALT.jpg,https://www.mavinfurniture.com/wp-content/uploads/48X24_REC_ATWOOD_COFFEE-_TABLE_SILO_HO.jpg,https://www.mavinfurniture.com/wp-content/uploads/48X24_REC_ATWOOD_COFFEE-_TABLE_SILO_ALT.jpg,https://www.mavinfurniture.com/wp-content/uploads/Atwood-Chairside-Table_Wormy-Maple_406Powder_Angle.jpg,https://www.mavinfurniture.com/wp-content/uploads/Atwood-Chairside-Table_Wormy-Maple_406Powder_Front.jpg,https://www.mavinfurniture.com/wp-content/uploads/Atwood-Sofa-Table_Wormy-Maple_406Powder_Angle.jpg,,,,,,Atwood Occasionals,,,,,,,,,https://www.mavinfurniture.com/products/tables/atwood/
,,,,,,,,,,,,,,,,,,,,,Occasional Collection,,,,,,Occasional Collection,,,,,,,,,,,,,,,,,,,,,,,,,,,,,,,,,,,,,,,,,,,,,,,,,,https://www.mavinfurniture.com/wp-content/uploads/mirror-studio-marion-feat.jpg,https://www.mavinfurniture.com/wp-content/uploads/mirror-studio-james-feat.jpg,https://www.mavinfurniture.com/wp-content/uploads/mirror-studio-james-detail.jpg,https://www.mavinfurniture.com/wp-content/uploads/mirror-studio-marion-detail.jpg,https://www.mavinfurniture.com/wp-content/uploads/MV_Bedroom_SouthPort_view05.jpg,https://www.mavinfurniture.com/wp-content/uploads/taylor-mirror2.jpg,https://www.mavinfurniture.com/wp-content/uploads/taylor-mirror.jpg,https://www.mavinfurniture.com/wp-content/uploads/th-taylor-mirror-iso.jpg,https://www.mavinfurniture.com/wp-content/uploads/MV_Bedroom_SouthPort_view01.jpg,https://www.mavinfurniture.com/wp-content/uploads/MV_Bedroom_SouthPort_view02.jpg,,,,,,Occasional Collection: Mirrors,,,,,,"Each mirror frame is made from your choice of solid wood, and each can be finished in your choice of paint or stain to perfectly reflect and complement your other interior furnishings.",,,https://www.mavinfurniture.com/products/tables/mirrors/
,,,,,,,,,,,,,,,,,,,,,Bedroom Collections,,,,,,Bedroom Collections,,,,,,,,,,,,,,,,,,,,,,,,,,,,,,,,,,,,,,,,,,,,,,,,,,https://www.mavinfurniture.com/wp-content/uploads/2022/08/Bartletts-Island-King-Arched-Panel-Bed-group.jpg,https://www.mavinfurniture.com/wp-content/uploads/2022/08/130845BartlettsIslandKingArchedPANEL-BED-HighfbSILO-hi.jpg,https://www.mavinfurniture.com/wp-content/uploads/2022/08/86568BartlettsIslandKingArchedPANELBEDHighFbSILO-ALT-hi.jpg,https://www.mavinfurniture.com/wp-content/uploads/2022/08/102900BartlettsIslandDRESSER6-MIRROR5-SILO-ALT-hi.jpg,https://www.mavinfurniture.com/wp-content/uploads/2022/08/46479BartlettsIslandDRESSER6-MIRROR5-SILO-hi.jpg,https://www.mavinfurniture.com/wp-content/uploads/2022/08/22476BartlettsIslandNIGHTSTAND4-SILO-hi.jpg,https://www.mavinfurniture.com/wp-content/uploads/2022/08/23881BartlettsIslandNIGHTSTAND4-SILO-ALT-hi.jpg,https://www.mavinfurniture.com/wp-content/uploads/2022/08/Bartletts-Island-Queen-Panel-Bed-group-edit.jpg,https://www.mavinfurniture.com/wp-content/uploads/2022/08/56966BartlettsIslandQueenPANEL-BEDlowfbHO-SILO-hi.jpg,https://www.mavinfurniture.com/wp-content/uploads/2022/08/26781BartlettsIslandQueenPANEL-BEDlowfbSILO-hi.jpg,,,,,,Adrienne,,,,,,"A lush rolling island known for its relaxed style of luxurious-simplicity, beauty and elegance inspires this collectionâ€™s look. The panel bed, based on early 1800s style, features generous, beautifully carved posts and a graceful fireplace mantel top. A unique, curved crown and large raised panels complete the design. The arched panel bed is based upon the arched entryway into the original Bartlett Mansion. The towering 72-inch headboard features a gracefully arched mantel, flanked by Roman posts and raised panels. Both bed designs and coordinating pieces are available in a variety of wood species and finishes.",,,https://www.mavinfurniture.com/products/bedrooms/bartletts-island/
,,,,,,,,,,,,,,,,,,,,,Dining Collections,,,,,,Dining Cases,,,,,,,,,,,,,,,,,,,,,,,,,,,,,,,,,,,,,,,,,,,,,,,,,,https://www.mavinfurniture.com/wp-content/uploads/PLANK_TABLE_w-BREAD-BOARD_WS3.jpg,https://www.mavinfurniture.com/wp-content/uploads/2022/08/hampshireHampshire-Buffet-1.jpg,,,,,,,,,,,,,,Hampshire,,,,,,,,,https://www.mavinfurniture.com/products/cases/hampshire/
,,,,,,,,,,,,,,,,,,,,,Dining Collections,,,,,,Dining Cases,,,,,,,,,,,,,,,,,,,,,,,,,,,,,,,,,,,,,,,,,,,,,,,,,,https://www.mavinfurniture.com/wp-content/uploads/KIAWAH_ISLAND_VIGN.jpg,https://www.mavinfurniture.com/wp-content/uploads/KIAWAH_ISLAND_WS1.jpg,https://www.mavinfurniture.com/wp-content/uploads/KIAWAH_ISLAND_WS1-2.jpg,https://www.mavinfurniture.com/wp-content/uploads/KIAWAH_ISLAND_SILO_HO.jpg,https://www.mavinfurniture.com/wp-content/uploads/KIAWAH_ISLAND_SILO_ALT.jpg,,,,,,,,,,,Kiawah,,,,,,,,,https://www.mavinfurniture.com/products/cases/kiawah/
,,,,,,,,,,,,,,,,,,,,,Dining Collections,,,,,,Dining Cases,,,,,,,,,,,,,,,,,,,,,,,,,,,,,,,,,,,,,,,,,,,,,,,,,,https://www.mavinfurniture.com/wp-content/uploads/2022/08/dara141291DARC20CS-0-DARA-SILO_hi.jpg,https://www.mavinfurniture.com/wp-content/uploads/Dexter_Concave_Harrison_Dara-com-fabric-full.webp,https://www.mavinfurniture.com/wp-content/uploads/2022/08/dara69781DARC20CS-0-DARA-SILO-ALT_hi.jpg,,,,,,,,,,,,,Dara,,,,,,,,,https://www.mavinfurniture.com/products/cases/dara/
,,,,,,,,,,,,,,,,,,,,,Dining Collections,,,,,,Dining Cases,,,,,,,,,,,,,,,,,,,,,,,,,,,,,,,,,,,,,,,,,,,,,,,,,,https://www.mavinfurniture.com/wp-content/uploads/2022/08/mavin-chairs-arlo-beauty-2.jpg,https://www.mavinfurniture.com/wp-content/uploads/MV_DiningRoom_Houston_view01-copy.webp,https://www.mavinfurniture.com/wp-content/uploads/Alexander-Sideboard_Front-copy.webp,https://www.mavinfurniture.com/wp-content/uploads/2022/08/alexander36066ALXC14BS-G_BUFFET_SILO_hi.jpg,,,,,,,,,,,,Alexander,,,,,,,,,https://www.mavinfurniture.com/products/cases/alexander/
,,,,,,,,,,,,,,,,,,,,,Dining Collections,,,,,,Dining Cases,,,,,,,,,,,,,,,,,,,,,,,,,,,,,,,,,,,,,,,,,,,,,,,,,,https://www.mavinfurniture.com/wp-content/uploads/2022/08/mavin-chairs-Hudson-beauty-06.jpg,https://www.mavinfurniture.com/wp-content/uploads/2022/08/cosmoCOSMO_SILO-2.jpg,https://www.mavinfurniture.com/wp-content/uploads/2022/08/cosmo34959COSMO_SILO_ALT_hi.jpg,https://www.mavinfurniture.com/wp-content/uploads/2022/08/cosmo139590CosmoDisplay-Hi-Edit.jpg,https://www.mavinfurniture.com/wp-content/uploads/2022/08/cosmo75848C_DIS_M-CosmoSILO_ALT-Hi.jpg,https://www.mavinfurniture.com/wp-content/uploads/2022/08/mavin-chairs-Gia-beauty-02.jpg,https://www.mavinfurniture.com/wp-content/uploads/2022/08/cosmoCosmo-Server-1.jpg,,,,,,,,,Cosmo,,,,,,,,,https://www.mavinfurniture.com/products/cases/cosmo/
,,,,,,,,,,,,,,,,,,,,,Dining Collections,,,,,,Dining Cases,,,,,,,,,,,,,,,,,,,,,,,,,,,,,,,,,,,,,,,,,,,,,,,,,,https://www.mavinfurniture.com/wp-content/uploads/2022/08/mavin-chairs-Jordan-beauty-03.jpg,https://www.mavinfurniture.com/wp-content/uploads/2022/08/harperH-CAB-Harper-Cabinet-edit-1-1.jpg,https://www.mavinfurniture.com/wp-content/uploads/2022/08/harper131619H-CABHarperangle-Hi.jpg,,,,,,,,,,,,,Harper,,,,,,,,,https://www.mavinfurniture.com/products/cases/harper/
,,,,,,,,,,,,,,,,,,,,,Dining Collections,,,,,,Dining Cases,,,,,,,,,,,,,,,,,,,,,,,,,,,,,,,,,,,,,,,,,,,,,,,,,,https://www.mavinfurniture.com/wp-content/uploads/2022/08/mavin-chairs-Prestige-beauty-10.jpg,https://www.mavinfurniture.com/wp-content/uploads/2022/08/newengland77661NewEnglandHutch-Hi.jpg,https://www.mavinfurniture.com/wp-content/uploads/2022/08/newengland90661NewEngland2-Hi.jpg,https://www.mavinfurniture.com/wp-content/uploads/2022/08/newengland10758NewEngland_CU-Hi.jpg,,,,,,,,,,,,New England,,,,,,,,,https://www.mavinfurniture.com/products/cases/new-england/
,,,,,,,,,,,,,,,,,,,,,Dining Collections,,,,,,Dining Cases,,,,,,,,,,,,,,,,,,,,,,,,,,,,,,,,,,,,,,,,,,,,,,,,,,https://www.mavinfurniture.com/wp-content/uploads/MV_DiningRoom_Walker_view-04.jpg,https://www.mavinfurniture.com/wp-content/uploads/MV_DiningRoom_Walker_view-01-copy.webp,https://www.mavinfurniture.com/wp-content/uploads/MV_DiningRoom_Walker_view-01B-2.jpg,https://www.mavinfurniture.com/wp-content/uploads/UrbanHutchBuffet_Maple_410Honey_Front-copy.webp,https://www.mavinfurniture.com/wp-content/uploads/2022/08/urban75561U_BUF_M_UrbanSILO-Hi.jpg,,,,,,,,,,,Urban,,,,,,,,,https://www.mavinfurniture.com/products/cases/urban/
,,,,,,,,,,,,,,,,,,,,,Dining Collections,,,,,,Dining Cases,,,,,,,,,,,,,,,,,,,,,,,,,,,,,,,,,,,,,,,,,,,,,,,,,,https://www.mavinfurniture.com/wp-content/uploads/2022/08/mavin-chairs-ava-beauty-3.jpg,https://www.mavinfurniture.com/wp-content/uploads/2022/08/waterford41733WATERFORD_BUFFET_HUTCH_HO_hi.jpg,https://www.mavinfurniture.com/wp-content/uploads/2022/08/waterford17993WATERFORD_BUFFET_HUTCH_ANGLE_hi.jpg,https://www.mavinfurniture.com/wp-content/uploads/2022/08/waterford149658WATERFORD_BUFFET_SILO_HO_hi.jpg,https://www.mavinfurniture.com/wp-content/uploads/2022/08/waterford25307WATERFORD_BUFFET_SILO_ANGLE_hi.jpg,,,,,,,,,,,Waterford,,,,,,,,,https://www.mavinfurniture.com/products/cases/waterford/
,,,,,,,,,,,,,,,,,,,,,Dining Collections,,,,,,Dining Cases,,,,,,,,,,,,,,,,,,,,,,,,,,,,,,,,,,,,,,,,,,,,,,,,,,https://www.mavinfurniture.com/wp-content/uploads/MV_DiningRoom_Cassis_view01-copy.webp,https://www.mavinfurniture.com/wp-content/uploads/MV_DiningRoom_Cassis_view03.jpg,https://www.mavinfurniture.com/wp-content/uploads/MV_DiningRoom_Cassis_view04.jpg,https://www.mavinfurniture.com/wp-content/uploads/MV_DiningRoom_Cassis_view02-1.jpg,https://www.mavinfurniture.com/wp-content/uploads/MV_DiningRoom_Cassis_view01.jpg,https://www.mavinfurniture.com/wp-content/uploads/2022/08/mavin-chairs-Cleveland-beauty-01.jpg,https://www.mavinfurniture.com/wp-content/uploads/2022/08/mavin-chairs-Percy-beauty-01.jpg,https://www.mavinfurniture.com/wp-content/uploads/Metro-Hutch-Buffet_Oak_409Cocoa_Front-copy.webp,,,,,,,,Metro,,,,,,,,,https://www.mavinfurniture.com/products/cases/metro/
,,,,,,,,,,,,,,,,,,,,,Home Office Collection,,,,,,Home Office Collection,,,,,,,,,,,,,,,,,,,,,,,,,,,,,,,,,,,,,,,,,,,,,,,,,,https://www.mavinfurniture.com/wp-content/uploads/MV_HomeOffice01_7200px.jpg,https://www.mavinfurniture.com/wp-content/uploads/MV_HomeOffice01_MarcoWritingDesk_7200px.jpg,https://www.mavinfurniture.com/wp-content/uploads/MV_HomeOffice_Marco_view02-mirrored.jpg,https://www.mavinfurniture.com/wp-content/uploads/MV_HomeOffice_Marco_view04-extended-1.jpg,https://www.mavinfurniture.com/wp-content/uploads/MV_HomeOffice_Marco_view01-4.jpg,https://www.mavinfurniture.com/wp-content/uploads/MV_HomeOffice_Marco_view01-Oxford-Lateral-File-Cabinet-2.jpg,https://www.mavinfurniture.com/wp-content/uploads/MV_HomeOffice_Marco_view03-3.jpg,https://www.mavinfurniture.com/wp-content/uploads/MV_HomeOffice_Marco_view05-1.jpg,https://www.mavinfurniture.com/wp-content/uploads/Marco-Executive-Desk_Maple_410Honey_Front.jpg,https://www.mavinfurniture.com/wp-content/uploads/Marco-Executive-Desk_Maple_410Honey_Side.jpg,,,,,,Marco,,,,,,"Chic and versatile, the Marco collection blends modern design with functionality, featuring silver hardware for a touch of elegance.",,,https://www.mavinfurniture.com/products/tables/marco-office/
,,,,,,,,,,,,,,,,,,,,,Bedroom Collections,,,,,,Bedroom Collections,,,,,,,,,,,,,,,,,,,,,,,,,,,,,,,,,,,,,,,,,,,,,,,,,,https://www.mavinfurniture.com/wp-content/uploads/TOULON_K_UPH_BEDROOM_RS-2.jpg,https://www.mavinfurniture.com/wp-content/uploads/TOULON_K_UPH_BEDROOM_WS_2.jpg,https://www.mavinfurniture.com/wp-content/uploads/TOULON_K_UPH_BEDROOM_WS_3.jpg,https://www.mavinfurniture.com/wp-content/uploads/TOULON_K_UPH_BEDROOM_WS_4.jpg,https://www.mavinfurniture.com/wp-content/uploads/TOULON_K_BED_SILO_HO.jpg,https://www.mavinfurniture.com/wp-content/uploads/TOULON_K_BED_SILO_ALT.jpg,https://www.mavinfurniture.com/wp-content/uploads/TOULON_DRESSER_3_SILO_HO.jpg,https://www.mavinfurniture.com/wp-content/uploads/TOULON_DRESSER_3_SILO_ALT.jpg,https://www.mavinfurniture.com/wp-content/uploads/TOULON_NIGHTSTAND_4_SILO_HO.jpg,https://www.mavinfurniture.com/wp-content/uploads/TOULON_NIGHTSTAND_4_SILO_ALT.jpg,,,,,,Adrienne,,,,,,"Toulon creates a space where classic meets contemporary in perfect harmony. Anchored by a plush upholstered bed, each piece is expertly crafted by skilled artisans, ensuring exceptional quality. The dark stains evoke a sense of sophistication, while the gold hardware adds a lavish touch. With sleek lines and elegant corners, this collection embodies timeless beauty and modern flair, providing a refined and stylish haven for your dreams.",,,https://www.mavinfurniture.com/products/bedrooms/toulon/
,,,,,,,,,,,,,,,,,,,,,Dining Collections,,,,,,Dining Cases,,,,,,,,,,,,,,,,,,,,,,,,,,,,,,,,,,,,,,,,,,,,,,,,,,https://www.mavinfurniture.com/wp-content/uploads/MV_DiningRoom_Cassis_view01-copy.webp,https://www.mavinfurniture.com/wp-content/uploads/MV_DiningRoom_Cassis_view03.jpg,https://www.mavinfurniture.com/wp-content/uploads/MV_DiningRoom_Cassis_view04.jpg,https://www.mavinfurniture.com/wp-content/uploads/MV_DiningRoom_Cassis_view02-1.jpg,https://www.mavinfurniture.com/wp-content/uploads/MV_DiningRoom_Cassis_view01.jpg,https://www.mavinfurniture.com/wp-content/uploads/2022/08/mavin-chairs-Cleveland-beauty-01.jpg,https://www.mavinfurniture.com/wp-content/uploads/2022/08/mavin-chairs-Percy-beauty-01.jpg,https://www.mavinfurniture.com/wp-content/uploads/Metro-Hutch-Buffet_Oak_409Cocoa_Front-copy.webp,,,,,,,,Metro Buffet,,,,,,,,,https://www.mavinfurniture.com/products/cases/metro/
,,,,,,,,,,,,,,,,,,,,,Home Office Collection,,,,,,Home Office Collection,,,,,,,,,,,,,,,,,,,,,,,,,,,,,,,,,,,,,,,,,,,,,,,,,,https://www.mavinfurniture.com/wp-content/uploads/MV_HomeOffice03_SaybrookExecutiveDeskFront_7200px.jpg,https://www.mavinfurniture.com/wp-content/uploads/MV_HomeOffice03_SaybrookExecutiveTable_7200px.jpg,https://www.mavinfurniture.com/wp-content/uploads/MV_HomeOffice03_BonusAngle_7200px.jpg,https://www.mavinfurniture.com/wp-content/uploads/MV_HomeOffice03_7200px.jpg,https://www.mavinfurniture.com/wp-content/uploads/MV_HomeOffice_SaybrookW_view02-2.jpg,https://www.mavinfurniture.com/wp-content/uploads/MV_HomeOffice_SaybrookExecutive_view01-1.jpg,https://www.mavinfurniture.com/wp-content/uploads/MV_HomeOffice_SaybrookExecutive_view02B-1.jpg,https://www.mavinfurniture.com/wp-content/uploads/MV_HomeOffice_SaybrookExecutive_view04.jpg,https://www.mavinfurniture.com/wp-content/uploads/MV_HomeOffice_SaybrookW_view01.jpg,https://www.mavinfurniture.com/wp-content/uploads/MV_HomeOffice_SaybrookW_view02.jpg,,,,,,Saybrook,,,,,,"The Saybrook collection is streamlined, with a modern look and a touch of subtle charm. As a standard, Saybrook features silver or bronze-toned decorative hardware specifically designed for this group.",,,https://www.mavinfurniture.com/products/tables/saybrook-office/
,,,,,,,,,,,,,,,,,,,,,Home Office Collection,,,,,,Home Office Collection,,,,,,,,,,,,,,,,,,,,,,,,,,,,,,,,,,,,,,,,,,,,,,,,,,https://www.mavinfurniture.com/wp-content/uploads/MV_HomeOffice02_7200px.jpg,https://www.mavinfurniture.com/wp-content/uploads/MV_HomeOffice02_AtwoodWritingDesk7200px.jpg,https://www.mavinfurniture.com/wp-content/uploads/MV_HomeOffice_Atwood_view01-1.jpg,https://www.mavinfurniture.com/wp-content/uploads/MV_HomeOffice_Atwood_view02-1.jpg,https://www.mavinfurniture.com/wp-content/uploads/MV_HomeOffice_Atwood_view01-2.jpg,https://www.mavinfurniture.com/wp-content/uploads/OCA0897A-M_Atwood-Writing-Desk_Maple_Belair_Front_Rework.jpg,https://www.mavinfurniture.com/wp-content/uploads/OCA0897A-M_Atwood-Writing-Desk_Maple_Belair_Angle_Rework.jpg,https://www.mavinfurniture.com/wp-content/uploads/Atwood-Executive-Desk_Maple_404Brindle_Front-1.jpg,https://www.mavinfurniture.com/wp-content/uploads/Atwood-Executive-Desk_Maple_404Brindle_Side.jpg,https://www.mavinfurniture.com/wp-content/uploads/Atwood-Lateral-File_Mapple_404Brindle_Angle.jpg,,,,,,Atwood,,,,,,"Breathe new life with a contemporary spin on traditional design. With clean lines and quality workmanship as the hallmark of this collection, Atwood defines what it truly means to be classically modern.",,,https://www.mavinfurniture.com/products/tables/atwood-office/
,,,,,,,,,,,,,,,,,,,,,Bedroom Collections,,,,,,Bedroom Collections,,,,,,,,,,,,,,,,,,,,,,,,,,,,,,,,,,,,,,,,,,,,,,,,,,https://www.mavinfurniture.com/wp-content/uploads/2022/08/147352VINEYARD_HAVEN_K_UPH_VIGN-hi.jpg,https://www.mavinfurniture.com/wp-content/uploads/2022/08/82114VINEYARD_HAVEN_K_UPH_SILO_HO-hi.jpg,https://www.mavinfurniture.com/wp-content/uploads/2022/08/120252VINEYARD_HAVEN_K_UPH_SILO_ALT-hi.jpg,https://www.mavinfurniture.com/wp-content/uploads/2022/08/Vineyard-Haven_Chest-convert-retouch-1.jpg,https://www.mavinfurniture.com/wp-content/uploads/2022/08/Vineyard-Haven-Alt-retouch-1-11.jpg,https://www.mavinfurniture.com/wp-content/uploads/2022/08/99190Vineyard_Haven_Storage_Bed_Silo-Hi-Edit.jpg,https://www.mavinfurniture.com/wp-content/uploads/2022/08/23511Vineyard_Haven_Storage_Bed_Silo_Alt-Hi-1.jpg,https://www.mavinfurniture.com/wp-content/uploads/2022/08/31440VINEYARD_HAVEN_NIGHTSTAND_SILO-hi-7.jpg,https://www.mavinfurniture.com/wp-content/uploads/2022/08/125039VINEYARD_HAVEN_NIGHTSTAND_SILO_ALT-hi-8.jpg,https://www.mavinfurniture.com/wp-content/uploads/2022/08/38855VINEYARD_HAVEN_DRESSER_MIRROR_SILO-hi-4.jpg,,,,,,Adrienne,,,,,,"Simple yet sophisticated, Vineyard Haven features luxurious detailing. The classically patterned clean style appeals to both masculine and feminine influences with chiseled edges and soft details. Available in wood or upholstered bed styles, this collection is available in a variety of wood species and finishes. An array of coordinating nightstands, dressers, mirrors and chests are also available.",,,https://www.mavinfurniture.com/products/bedrooms/vineyard-haven/
,,,,,,,,,,,,,,,,,,,,,Bedroom Collections,,,,,,Bedroom Collections,,,,,,,,,,,,,,,,,,,,,,,,,,,,,,,,,,,,,,,,,,,,,,,,,,https://www.mavinfurniture.com/wp-content/uploads/TAPPAN_K_BEDROOM_RS-2.jpg,https://www.mavinfurniture.com/wp-content/uploads/TAPPAN_K_WS_1.jpg,https://www.mavinfurniture.com/wp-content/uploads/TAPPAN_K_WS_2.jpg,https://www.mavinfurniture.com/wp-content/uploads/TAPPAN_K_WS_3.jpg,https://www.mavinfurniture.com/wp-content/uploads/TAPPAN_KING_BEDROOM_RS-New-Hardware.jpg,https://www.mavinfurniture.com/wp-content/uploads/TAPPAN_KING_BED_TAP18432-G_SILO_HO-1.jpg,https://www.mavinfurniture.com/wp-content/uploads/TAPPAN_KING_BED_TAP18432-G_SILO_ALT-1.jpg,https://www.mavinfurniture.com/wp-content/uploads/2022/08/tappan-1.jpg,https://www.mavinfurniture.com/wp-content/uploads/2022/08/77520TAP18132-R_King_Bed_SILO_ALT-hi-1.jpg,https://www.mavinfurniture.com/wp-content/uploads/TAPPAN_NIGHTSTAND-4-TAP18244-G_SILO_HO-1.jpg,,,,,,Adrienne,,,,,,"Inspired by minimalistic Scandinavian reflections, our Tappan bedroom collection proves contemporary design can be warm and welcoming. The simple, clean lines are strong, yet understated, and beautifully fits with both dark and lighter stain choices.",,,https://www.mavinfurniture.com/products/bedrooms/tappan/
,,,,,,,,,,,,,,,,,,,,,Dining Collections,,,,,,Dining Chairs,,,,,,,,,,,,,,,,,,,,,,,,,,,,,,,,,,,,,,,,,,,,,,,,,,https://www.mavinfurniture.com/wp-content/uploads/2022/08/mavin-chairs-Simone-beauty-01.jpg,https://www.mavinfurniture.com/wp-content/uploads/2022/08/mavin-chairs-Simone-SIM7214-2-05.jpg,https://www.mavinfurniture.com/wp-content/uploads/2022/08/mavin-chairs-Simone-SIM7214-04.jpg,,,,,,,,,,,,,Simone,,,,,,,,,https://www.mavinfurniture.com/products/chairs/simone/
,,,,,,,,,,,,,,,,,,,,,Bedroom Collections,,,,,,Bedroom Collections,,,,,,,,,,,,,,,,,,,,,,,,,,,,,,,,,,,,,,,,,,,,,,,,,,https://www.mavinfurniture.com/wp-content/uploads/bedroom-coll-tribeca-panel.jpg,https://www.mavinfurniture.com/wp-content/uploads/117258TRI14112-BED-SILOClipped_hi.jpg,https://www.mavinfurniture.com/wp-content/uploads/102924TRI14112-BED-SILO-ALTClipped_hi.jpg,https://www.mavinfurniture.com/wp-content/uploads/2022/08/62264TRI14244-NIGHTSTAND4Sand-SILO_hi.jpg,https://www.mavinfurniture.com/wp-content/uploads/2022/08/87876TRI14244-NIGHTSTAND4Sand-SILO-ALT_hi.jpg,https://www.mavinfurniture.com/wp-content/uploads/2022/08/88168TRI14280Dresser7CharcoalSand-TRI14304Mirror4Charcoal-SILO-ALT_mirror_hi.jpg,https://www.mavinfurniture.com/wp-content/uploads/2022/08/117261TRI14257-CHIFFEROBE2Sand-SILO-ALT_hi.jpg,https://www.mavinfurniture.com/wp-content/uploads/2022/08/21033TRI14251Dresser5CharcoalSand-TRI14305Mirror5Sand-SILO-ALT_hi.jpg,https://www.mavinfurniture.com/wp-content/uploads/2022/08/47169TRI14270-LINGERIE-CHEST1Charcoal-SILO_hi.jpg,https://www.mavinfurniture.com/wp-content/uploads/2022/08/8436TRI14270-LINGERIE-CHEST1Charcoal-SILO-ALT_hi.jpg,,,,,,Adrienne,,,,,,"Tribeca sets the perfect stage for relaxed, refined comfort. The balance and symmetry of clean lines and rich details make it a versatile choice to fit any style when a complementing wood species and finish are chosen. Two bed styles complement a variety of coordinating nightstands, dressers, mirrors and chests. All are available in a wood species and finish of your choice.",,,https://www.mavinfurniture.com/products/bedrooms/tribeca/
,,,,,,,,,,,,,,,,,,,,,Dining Collections,,,,,,Dining Chairs,,,,,,,,,,,,,,,,,,,,,,,,,,,,,,,,,,,,,,,,,,,,,,,,,,https://www.mavinfurniture.com/wp-content/uploads/2022/08/mavin-chairs-Manhattan-beauty-02.jpg,https://www.mavinfurniture.com/wp-content/uploads/2022/08/mavin-chairs-Manhattan-MAN2704-2-05.jpg,,,,,,,,,,,,,,Manhattan,,,,,,,,,https://www.mavinfurniture.com/products/chairs/manhattan/
,,,,,,,,,,,,,,,,,,,,,Dining Collections,,,,,,Dining Chairs,,,,,,,,,,,,,,,,,,,,,,,,,,,,,,,,,,,,,,,,,,,,,,,,,,https://www.mavinfurniture.com/wp-content/uploads/3872_CONCAVE_DINING_WS_1.jpg,https://www.mavinfurniture.com/wp-content/uploads/2022/08/mavin-chairs-Kirby-KRB7014-08.jpg,https://www.mavinfurniture.com/wp-content/uploads/2022/08/mavin-chairs-Kirby-KRB7014-2-07.jpg,https://www.mavinfurniture.com/wp-content/uploads/2022/08/mavin-chairs-Kirby-KRB7014-3-03.jpg,https://www.mavinfurniture.com/wp-content/uploads/2022/08/mavin-chairs-Kirby-KRB7014-4-01.jpg,,,,,,,,,,,Kirby,,,,,,,,,https://www.mavinfurniture.com/products/chairs/kirby/
,,,,,,,,,,,,,,,,,,,,,Dining Collections,,,,,,Dining Chairs,,,,,,,,,,,,,,,,,,,,,,,,,,,,,,,,,,,,,,,,,,,,,,,,,,https://www.mavinfurniture.com/wp-content/uploads/2022/08/mavin-chairs-Hudson-beauty-05.jpg,https://www.mavinfurniture.com/wp-content/uploads/2022/08/mavin-chairs-Hudson-HUD2414-3-10.jpg,https://www.mavinfurniture.com/wp-content/uploads/2022/08/mavin-chairs-Hudson-HUD2414-4-09.jpg,https://www.mavinfurniture.com/wp-content/uploads/2022/08/mavin-chairs-Hudson-HUD2414-03.jpg,https://www.mavinfurniture.com/wp-content/uploads/2022/08/mavin-chairs-Hudson-HUD2414-2-02.jpg,,,,,,,,,,,Hudson,,,,,,,,,https://www.mavinfurniture.com/products/chairs/hudson/
,,,,,,,,,,,,,,,,,,,,,Dining Collections,,,,,,Dining Chairs,,,,,,,,,,,,,,,,,,,,,,,,,,,,,,,,,,,,,,,,,,,,,,,,,,https://www.mavinfurniture.com/wp-content/uploads/2022/08/mavin-chairs-Landon-beauty-01.jpg,https://www.mavinfurniture.com/wp-content/uploads/2022/08/mavin-chairs-Landon-LND5404-04.jpg,https://www.mavinfurniture.com/wp-content/uploads/2022/08/mavin-chairs-Landon-LND5404-2-05.jpg,,,,,,,,,,,,,Landon,,,,,,,,,https://www.mavinfurniture.com/products/chairs/landon/
,,,,,,,,,,,,,,,,,,,,,Dining Collections,,,,,,Dining Chairs,,,,,,,,,,,,,,,,,,,,,,,,,,,,,,,,,,,,,,,,,,,,,,,,,,https://www.mavinfurniture.com/wp-content/uploads/Oslo-Table.jpg,https://www.mavinfurniture.com/wp-content/uploads/4242_OSLO_DINING_DETAIL.jpg,https://www.mavinfurniture.com/wp-content/uploads/th-GIA_CHAIR_SILO_HO-copy.jpg,https://www.mavinfurniture.com/wp-content/uploads/mavin-chairs-Gia-GIA7514-05.jpg,,,,,,,,,,,,Gia,,,,,,,,,https://www.mavinfurniture.com/products/chairs/gia/
,,,,,,,,,,,,,,,,,,,,,Bedroom Collections,,,,,,Bedroom Collections,,,,,,,,,,,,,,,,,,,,,,,,,,,,,,,,,,,,,,,,,,,,,,,,,,https://www.mavinfurniture.com/wp-content/uploads/2022/08/adrienne-panel-3.jpg,https://www.mavinfurniture.com/wp-content/uploads/2022/08/adrienne-panel-12.jpg,https://www.mavinfurniture.com/wp-content/uploads/2022/08/11209210113AdrienneSleighBedQueenHighFBSILO-ALT-EDITED-hi.jpg,https://www.mavinfurniture.com/wp-content/uploads/2022/08/adrienne-panel-5.jpg,https://www.mavinfurniture.com/wp-content/uploads/2022/08/adrienne-panel-7.jpg,https://www.mavinfurniture.com/wp-content/uploads/2022/08/adrienne-panel-10.jpg,https://www.mavinfurniture.com/wp-content/uploads/2022/08/adrienne-panel-11.jpg,https://www.mavinfurniture.com/wp-content/uploads/2022/08/adrienne-panel-8.jpg,https://www.mavinfurniture.com/wp-content/uploads/2022/08/adrienne-panel-9.jpg,https://www.mavinfurniture.com/wp-content/uploads/2022/08/adrienne-upholstery-4.jpg,,,,,,Adrienne,,,,,,"The sleek yet elegant curves of the Adrienne sleigh design are the perfect blend of traditional and modern. The high headboard and footboard create a visual sanctuary for rest and relaxation. Crafted from the finest woods, all pieces are available in your choice of finishes. An upholstered headboard and footboard are also available to add texture and color to the room.",,,https://www.mavinfurniture.com/products/bedrooms/adrienne/
,,,,,,,,,,,,,,,,,,,,,Dining Collections,,,,,,Dining Chairs,,,,,,,,,,,,,,,,,,,,,,,,,,,,,,,,,,,,,,,,,,,,,,,,,,https://www.mavinfurniture.com/wp-content/uploads/2022/08/mavin-chairs-Fresno-beauty-09.jpg,https://www.mavinfurniture.com/wp-content/uploads/2022/08/mavin-chairs-Fresno-FRE2504-3-03.jpg,https://www.mavinfurniture.com/wp-content/uploads/2022/08/mavin-chairs-Fresno-FRE2504-2-02.jpg,https://www.mavinfurniture.com/wp-content/uploads/2022/08/mavin-chairs-Fresno-FRE2504-4-06.jpg,https://www.mavinfurniture.com/wp-content/uploads/2022/08/mavin-chairs-Fresno-FRE2504-5-07.jpg,,,,,,,,,,,Fresno,,,,,,,,,https://www.mavinfurniture.com/products/chairs/fresno/
,,,,,,,,,,,,,,,,,,,,,Dining Collections,,,,,,Dining Chairs,,,,,,,,,,,,,,,,,,,,,,,,,,,,,,,,,,,,,,,,,,,,,,,,,,https://www.mavinfurniture.com/wp-content/uploads/2022/08/mavin-chairs-Hartford-beauty-08.jpg,https://www.mavinfurniture.com/wp-content/uploads/2022/08/mavin-chairs-Hartford-HFD1102-3-07.jpg,https://www.mavinfurniture.com/wp-content/uploads/2022/08/mavin-chairs-Hartford-HFD1102-2-03.jpg,https://www.mavinfurniture.com/wp-content/uploads/2022/08/mavin-chairs-Hartford-HFD1102-02.jpg,https://www.mavinfurniture.com/wp-content/uploads/2022/08/mavin-chairs-Hartford-HFD1104-01.jpg,,,,,,,,,,,Hartford,,,,,,,,,https://www.mavinfurniture.com/products/chairs/hartford/
,,,,,,,,,,,,,,,,,,,,,Dining Collections,,,,,,Dining Chairs,,,,,,,,,,,,,,,,,,,,,,,,,,,,,,,,,,,,,,,,,,,,,,,,,,https://www.mavinfurniture.com/wp-content/uploads/Grace_Boulder_L26_Austin-sq.webp,https://www.mavinfurniture.com/wp-content/uploads/2022/08/mavin-chairs-Grace-GRA4314-02.jpg,https://www.mavinfurniture.com/wp-content/uploads/2022/08/mavin-chairs-Grace-GRA4314-04.jpg,,,,,,,,,,,,,Grace,,,,,,,,,https://www.mavinfurniture.com/products/chairs/grace/
,,,,,,,,,,,,,,,,,,,,,Dining Collections,,,,,,Dining Chairs,,,,,,,,,,,,,,,,,,,,,,,,,,,,,,,,,,,,,,,,,,,,,,,,,,https://www.mavinfurniture.com/wp-content/uploads/2022/08/mavin-chairs-Milan-beauty-01.jpg,https://www.mavinfurniture.com/wp-content/uploads/2022/08/mavin-chairs-Milan-MIL6504-2-06.jpg,https://www.mavinfurniture.com/wp-content/uploads/2022/08/mavin-chairs-Milan-MIL6504-04.jpg,,,,,,,,,,,,,Milan,,,,,,,,,https://www.mavinfurniture.com/products/chairs/milan/
,,,,,,,,,,,,,,,,,,,,,Dining Collections,,,,,,Dining Chairs,,,,,,,,,,,,,,,,,,,,,,,,,,,,,,,,,,,,,,,,,,,,,,,,,,https://www.mavinfurniture.com/wp-content/uploads/dining-group-sienna-detail.jpg,https://www.mavinfurniture.com/wp-content/uploads/SIENNA_CHAIR_SILO_HO.jpg,https://www.mavinfurniture.com/wp-content/uploads/SIENNA_CHAIR_SILO_AL-T.jpg,,,,,,,,,,,,,Siena,,,,,,,,,https://www.mavinfurniture.com/products/chairs/siena/
,,,,,,,,,,,,,,,,,,,,,Dining Collections,,,,,,Dining Chairs,,,,,,,,,,,,,,,,,,,,,,,,,,,,,,,,,,,,,,,,,,,,,,,,,,https://www.mavinfurniture.com/wp-content/uploads/2022/08/mavin-chairs-Prestige-beauty-07.jpg,https://www.mavinfurniture.com/wp-content/uploads/2022/08/mavin-chairs-Prestige-PRE0602-2-04.jpg,https://www.mavinfurniture.com/wp-content/uploads/2022/08/mavin-chairs-Prestige-PRE0602-3-05.jpg,https://www.mavinfurniture.com/wp-content/uploads/2022/08/mavin-chairs-Prestige-PRE0604-4-06.jpg,https://www.mavinfurniture.com/wp-content/uploads/2022/08/mavin-chairs-Prestige-PRE0604-3-02.jpg,,,,,,,,,,,Prestige,,,,,,,,,https://www.mavinfurniture.com/products/chairs/prestige/
,,,,,,,,,,,,,,,,,,,,,Dining Collections,,,,,,Dining Chairs,,,,,,,,,,,,,,,,,,,,,,,,,,,,,,,,,,,,,,,,,,,,,,,,,,https://www.mavinfurniture.com/wp-content/uploads/2022/08/mavin-chairs-Hannah-beauty-01.jpg,https://www.mavinfurniture.com/wp-content/uploads/2022/08/mavin-chairs-Hannah-HAN5904-2-08.jpg,https://www.mavinfurniture.com/wp-content/uploads/2022/08/mavin-chairs-Hannah-HAN5904-3-10.jpg,,,,,,,,,,,,,Hannah,,,,,,,,,https://www.mavinfurniture.com/products/chairs/hannah/
,,,,,,,,,,,,,,,,,,,,,Dining Collections,,,,,,Dining Chairs,,,,,,,,,,,,,,,,,,,,,,,,,,,,,,,,,,,,,,,,,,,,,,,,,,https://www.mavinfurniture.com/wp-content/uploads/2022/08/mavin-chairs-Rialto-beauty-01.jpg,https://www.mavinfurniture.com/wp-content/uploads/2022/08/mavin-chairs-Rialto-RIA6302-06.jpg,https://www.mavinfurniture.com/wp-content/uploads/2022/08/mavin-chairs-Rialto-RIA6302-2-08.jpg,https://www.mavinfurniture.com/wp-content/uploads/2022/08/mavin-chairs-Rialto-RIA6304-2-07.jpg,https://www.mavinfurniture.com/wp-content/uploads/2022/08/mavin-chairs-Rialto-RIA6304-04.jpg,,,,,,,,,,,Rialto,,,,,,,,,https://www.mavinfurniture.com/products/chairs/rialto/
,,,,,,,,,,,,,,,,,,,,,Dining Collections,,,,,,Dining Chairs,,,,,,,,,,,,,,,,,,,,,,,,,,,,,,,,,,,,,,,,,,,,,,,,,,https://www.mavinfurniture.com/wp-content/uploads/2022/08/mavin-chairs-Percy-beauty-01.jpg,https://www.mavinfurniture.com/wp-content/uploads/2022/08/mavin-chairs-Percy-PER7304-05.jpg,https://www.mavinfurniture.com/wp-content/uploads/2022/08/mavin-chairs-Percy-PER7304-3-06.jpg,,,,,,,,,,,,,Percy,,,,,,,,,https://www.mavinfurniture.com/products/chairs/percy/
,,,,,,,,,,,,,,,,,,,,,Dining Collections,,,,,,Dining Chairs,,,,,,,,,,,,,,,,,,,,,,,,,,,,,,,,,,,,,,,,,,,,,,,,,,https://www.mavinfurniture.com/wp-content/uploads/2022/08/mavin-chairs-Jackson-beauty-01.jpg,https://www.mavinfurniture.com/wp-content/uploads/2022/08/mavin-chairs-Jackson-JAC4904-05.jpg,https://www.mavinfurniture.com/wp-content/uploads/2022/08/mavin-chairs-Jackson-JAC4904-2-04.jpg,,,,,,,,,,,,,Jackson,,,,,,,,,https://www.mavinfurniture.com/products/chairs/jackson/
,,,,,,,,,,,,,,,,,,,,,Dining Collections,,,,,,Dining Chairs,,,,,,,,,,,,,,,,,,,,,,,,,,,,,,,,,,,,,,,,,,,,,,,,,,https://www.mavinfurniture.com/wp-content/uploads/2022/08/mavin-chairs-Keystone-beauty-06.jpg,https://www.mavinfurniture.com/wp-content/uploads/2022/08/mavin-chairs-Keystone-KEY2004-2-03.jpg,https://www.mavinfurniture.com/wp-content/uploads/2022/08/mavin-chairs-Keystone-KEY2004-05.jpg,https://www.mavinfurniture.com/wp-content/uploads/2022/08/mavin-chairs-Keystone-KEY2002-2-02.jpg,https://www.mavinfurniture.com/wp-content/uploads/2022/08/mavin-chairs-Keystone-KEY2002-04.jpg,,,,,,,,,,,Keystone,,,,,,,,,https://www.mavinfurniture.com/products/chairs/keystone/
,,,,,,,,,,,,,,,,,,,,,Dining Collections,,,,,,Dining Chairs,,,,,,,,,,,,,,,,,,,,,,,,,,,,,,,,,,,,,,,,,,,,,,,,,,https://www.mavinfurniture.com/wp-content/uploads/2022/08/mavin-chairs-Contempo-beauty-03.jpg,https://www.mavinfurniture.com/wp-content/uploads/2022/08/mavin-chairs-Contempo-CON2104-4-08.jpg,https://www.mavinfurniture.com/wp-content/uploads/2022/08/mavin-chairs-Contempo-CON2104-3-06.jpg,,,,,,,,,,,,,Contempo,,,,,,,,,https://www.mavinfurniture.com/products/chairs/contempo/
,,,,,,,,,,,,,,,,,,,,,Dining Collections,,,,,,Dining Chairs,,,,,,,,,,,,,,,,,,,,,,,,,,,,,,,,,,,,,,,,,,,,,,,,,,https://www.mavinfurniture.com/wp-content/uploads/2022/08/mavin-chairs-Cleveland-beauty-01.jpg,https://www.mavinfurniture.com/wp-content/uploads/2022/08/mavin-chairs-Cleveland-CLV5204-4-09.jpg,https://www.mavinfurniture.com/wp-content/uploads/2022/08/mavin-chairs-Cleveland-CLV5204-3-08.jpg,https://www.mavinfurniture.com/wp-content/uploads/2022/08/mavin-chairs-Cleveland-CLV5204-05.jpg,https://www.mavinfurniture.com/wp-content/uploads/2022/08/mavin-chairs-Cleveland-CLV5204-2-06.jpg,,,,,,,,,,,Cleveland,,,,,,,,,https://www.mavinfurniture.com/products/chairs/cleveland/
,,,,,,,,,,,,,,,,,,,,,Dining Collections,,,,,,Dining Chairs,,,,,,,,,,,,,,,,,,,,,,,,,,,,,,,,,,,,,,,,,,,,,,,,,,https://www.mavinfurniture.com/wp-content/uploads/2022/08/mavin-chairs-Classic-Shaker-beauty-03.jpg,https://www.mavinfurniture.com/wp-content/uploads/2022/08/mavin-chairs-Classic-Shaker-CSH0304-4-11.jpg,https://www.mavinfurniture.com/wp-content/uploads/2022/08/mavin-chairs-Classic-Shaker-CSH0304-3-08.jpg,https://www.mavinfurniture.com/wp-content/uploads/2022/08/mavin-chairs-Classic-Shaker-CSH0302-2-10.jpg,https://www.mavinfurniture.com/wp-content/uploads/2022/08/mavin-chairs-Classic-Shaker-CSH0302-07.jpg,,,,,,,,,,,Classic Shaker,,,,,,,,,https://www.mavinfurniture.com/products/chairs/classic-shaker/
,,,,,,,,,,,,,,,,,,,,,Occasional Collection,,,,,,Occasional Collection,,,,,,,,,,,,,,,,,,,,,,,,,,,,,,,,,,,,,,,,,,,,,,,,,,https://www.mavinfurniture.com/wp-content/uploads/SAYBROOK_GROUP_SHOT.jpg,https://www.mavinfurniture.com/wp-content/uploads/MV_HomeOffice03_SaybrookExecutiveDeskFront_7200px.jpg,https://www.mavinfurniture.com/wp-content/uploads/MV_HomeOffice03_SaybrookConsoleTable_7200px.jpg,https://www.mavinfurniture.com/wp-content/uploads/20X24_SAYBROOK_CHAIRSIDE_CHEST_SILO_HO.jpg,https://www.mavinfurniture.com/wp-content/uploads/20X24_SAYBROOK_CHAIRSIDE_CHEST_SILO_ALT.jpg,https://www.mavinfurniture.com/wp-content/uploads/24__SAYBROOK_END_TABLE_SILO_HO.jpg,https://www.mavinfurniture.com/wp-content/uploads/24__SAYBROOK_END_TABLE_SILO_ALT.jpg,https://www.mavinfurniture.com/wp-content/uploads/42_-_SAYBROOK_SQ_HO.jpg,https://www.mavinfurniture.com/wp-content/uploads/42_-_SAYBROOK_SQ_ALT.jpg,https://www.mavinfurniture.com/wp-content/uploads/54X-30-_SAYBROOK_-REC_-SILO_HO.jpg,,,,,,Saybrook Occasionals,,,,,,,,,https://www.mavinfurniture.com/products/tables/saybrook/
,,,,,,,,,,,,,,,,,,,,,Occasional Collection,,,,,,Occasional Collection,,,,,,,,,,,,,,,,,,,,,,,,,,,,,,,,,,,,,,,,,,,,,,,,,,https://www.mavinfurniture.com/wp-content/uploads/MV_Occasional_Toulon_view01.jpg,https://www.mavinfurniture.com/wp-content/uploads/MV_Occasional_Toulon_view02-2.jpg,https://www.mavinfurniture.com/wp-content/uploads/MV_Occasional_Toulon_view03-2.jpg,https://www.mavinfurniture.com/wp-content/uploads/MV_Occasional_Toulon_view04.jpg,https://www.mavinfurniture.com/wp-content/uploads/MV_Occasional_Toulon_view05.2-extended.jpg,https://www.mavinfurniture.com/wp-content/uploads/MV_Occasional_Toulon_view05.2.jpg,https://www.mavinfurniture.com/wp-content/uploads/MV_Occasional_Toulon_view07-mirrored.jpg,https://www.mavinfurniture.com/wp-content/uploads/MV_Occasional_Toulon_view07.jpg,https://www.mavinfurniture.com/wp-content/uploads/MV_Occasional_Toulon_view08B.jpg,https://www.mavinfurniture.com/wp-content/uploads/MV_Occasional_Toulon_view09.jpg,,,,,,Toulon Occasionals,,,,,,,,,https://www.mavinfurniture.com/products/tables/toulon/
,,,,,,,,,,,,,,,,,,,,,Dining Collections,,,,,,Dining Cases,,,,,,,,,,,,,,,,,,,,,,,,,,,,,,,,,,,,,,,,,,,,,,,,,,https://www.mavinfurniture.com/wp-content/uploads/2022/12/austin_server_silo_ho-2.jpg,https://www.mavinfurniture.com/wp-content/uploads/2022/12/boulder_table_grace_austin_rs-2.jpg,,,,,,,,,,,,,,Austin,,,,,,,,,https://www.mavinfurniture.com/products/cases/austin/
,,,,,,,,,,,,,,,,,,,,,Dining Collections,,,,,,Dining Cases,,,,,,,,,,,,,,,,,,,,,,,,,,,,,,,,,,,,,,,,,,,,,,,,,,https://www.mavinfurniture.com/wp-content/uploads/2022/08/mavin-chairs-alex-beauty-2.jpg,https://www.mavinfurniture.com/wp-content/uploads/2022/08/lexingtonLEXINGTON_BUFFET_HUTCHSILO_HO-1.jpg,https://www.mavinfurniture.com/wp-content/uploads/2022/08/lexington134593LEXINGTON_BUFFET_HUTCH1-hi.jpg,https://www.mavinfurniture.com/wp-content/uploads/2022/08/lexington110845LEXINGTON_BUFFET3-hi.jpg,https://www.mavinfurniture.com/wp-content/uploads/2022/08/lexington28388LEXINGTON_BUFFET2-hi.jpg,,,,,,,,,,,Lexington,,,,,,,,,https://www.mavinfurniture.com/products/cases/lexington/
,,,,,,,,,,,,,,,,,,,,,Occasional Collection,,,,,,Occasional Collection,,,,,,,,,,,,,,,,,,,,,,,,,,,,,,,,,,,,,,,,,,,,,,,,,,https://www.mavinfurniture.com/wp-content/uploads/Marco-Occasionals-Chairside-Drawers-copy.webp,https://www.mavinfurniture.com/wp-content/uploads/MARCO_TABLE_WS_1.jpg,https://www.mavinfurniture.com/wp-content/uploads/MARCO_TABLE_WS_2.jpg,https://www.mavinfurniture.com/wp-content/uploads/MARCO_TABLE_WS_3.jpg,https://www.mavinfurniture.com/wp-content/uploads/MV_Occasional_Vignette_Marco.jpg,https://www.mavinfurniture.com/wp-content/uploads/Marco-Chairside-Table_Rustic-Cherry_400Belair_Front.jpg,https://www.mavinfurniture.com/wp-content/uploads/Marco-Chairside-Table_Rustic-Cherry_400Belair_Angled.jpg,,,,,,,,,Marco Occasionals,,,,,,,,,https://www.mavinfurniture.com/products/tables/marco/
,,,,,,,,,,,,,,,,,,,,,Occasional Collection,,,,,,Occasional Collection,,,,,,,,,,,,,,,,,,,,,,,,,,,,,,,,,,,,,,,,,,,,,,,,,,https://www.mavinfurniture.com/wp-content/uploads/SOUTHPORT_TABLE_GROUP_SHOT-drawers-addition-2.jpg,https://www.mavinfurniture.com/wp-content/uploads/SOUTHPORT_TABLES-_WS-4.jpg,https://www.mavinfurniture.com/wp-content/uploads/SOUTHPORT_TABLE_GROUP_SHOT-drawers-addition-3.jpg,https://www.mavinfurniture.com/wp-content/uploads/SOUTHPORT_36-X-36_COFFEE_SILO_HO.jpg,https://www.mavinfurniture.com/wp-content/uploads/SOUTHPORT_36-X-36_COFFEE_SILO_ALT.jpg,https://www.mavinfurniture.com/wp-content/uploads/SOUTHPORT_20X24_END_TABLE_SILO_ALT.jpg,https://www.mavinfurniture.com/wp-content/uploads/Sout-Port-Chairside-Table_R-Cherry_404Brindle_Angle_rev04.jpg,https://www.mavinfurniture.com/wp-content/uploads/Sout-Port-Chairside-Table_R-Cherry_404Brindle_Front_rev00.jpg,https://www.mavinfurniture.com/wp-content/uploads/South-Port-Sofa-Table_Maple_29PAsh_Angle.jpg,https://www.mavinfurniture.com/wp-content/uploads/South-Port-Sofa-Table_Maple_29PAsh_Front.jpg,,,,,,South Port Occasionals,,,,,,,,,https://www.mavinfurniture.com/products/tables/south-port/
,,,,,,,,,,,,,,,,,,,,,Dining Collections,,,,,,Dining Cases,,,,,,,,,,,,,,,,,,,,,,,,,,,,,,,,,,,,,,,,,,,,,,,,,,https://www.mavinfurniture.com/wp-content/uploads/4272_COSMO_DINING_RS.jpg,https://www.mavinfurniture.com/wp-content/uploads/4272_COSMO_DINING_WS_2.jpg,https://www.mavinfurniture.com/wp-content/uploads/TOULON_SERVER_SILO_HO.jpg,https://www.mavinfurniture.com/wp-content/uploads/TOULON_SERVER_SILO_ALT.jpg,,,,,,,,,,,,Toulon Server,,,,,,,,,https://www.mavinfurniture.com/products/cases/toulon/
,,,,,,,,,,,,,,,,,,,,,Dining Collections,,,,,,Dining Cases,,,,,,,,,,,,,,,,,,,,,,,,,,,,,,,,,,,,,,,,,,,,,,,,,,https://www.mavinfurniture.com/wp-content/uploads/STELLA_PARKERSERVER_RS.jpg,https://www.mavinfurniture.com/wp-content/uploads/2022/08/parker-server.jpg,https://www.mavinfurniture.com/wp-content/uploads/2022/08/parker104975PARKER_SERVER_SILO_ALT_hi-2.jpg,,,,,,,,,,,,,Parker,,,,,,,,,https://www.mavinfurniture.com/products/cases/parker/
,,,,,,,,,,,,,,,,,,,,,Home Office Collection,,,,,,Home Office Collection,,,,,,,,,,,,,,,,,,,,,,,,,,,,,,,,,,,,,,,,,,,,,,,,,,https://www.mavinfurniture.com/wp-content/uploads/MV_HomeOffice_SaybrookExecutive_view03-1.jpg,https://www.mavinfurniture.com/wp-content/uploads/MV_HomeOffice_SaybrookExecutive_view02-1.jpg,https://www.mavinfurniture.com/wp-content/uploads/MV_HomeOffice_SaybrookExecutive_view01-2.jpg,https://www.mavinfurniture.com/wp-content/uploads/MV_HomeOffice_SaybrookExecutive_view02D-1.jpg,https://www.mavinfurniture.com/wp-content/uploads/MV_HomeOffice_SaybrookExecutive_view02B-2.jpg,https://www.mavinfurniture.com/wp-content/uploads/MV_HomeOffice_SaybrookExecutive_view02C-1.jpg,https://www.mavinfurniture.com/wp-content/uploads/MV_HomeOffice_Marco_view04-extended-2.jpg,https://www.mavinfurniture.com/wp-content/uploads/MV_HomeOffice_Marco_view01-2.jpg,https://www.mavinfurniture.com/wp-content/uploads/MV_HomeOffice_Atwood_view04-1.jpg,https://www.mavinfurniture.com/wp-content/uploads/MV_HomeOffice_Atwood_view03-1.jpg,,,,,,Bookcases,,,,,,"Our Bookcasesâ€™ adjustable shelves offer versatility, allowing you to customize the display to suit your evolving collectiona and aesthetic preferences.",,,https://www.mavinfurniture.com/products/tables/bookcases/
,,,,,,,,,,,,,,,,,,,,,Dining Collections,,,,,,Dining Cases,,,,,,,,,,,,,,,,,,,,,,,,,,,,,,,,,,,,,,,,,,,,,,,,,,https://www.mavinfurniture.com/wp-content/uploads/2022/08/rialto46407RIALTO_SERVER_VIGN_hi.jpg,https://www.mavinfurniture.com/wp-content/uploads/2022/08/rialtoRIALTO_SERVER_SILO-1.jpg,https://www.mavinfurniture.com/wp-content/uploads/2022/08/rialto29254RIALTO_SERVER4-hi.jpg,https://www.mavinfurniture.com/wp-content/uploads/2022/08/rialto89290RIALTO_SERVER3-hi.jpg,,,,,,,,,,,,Rialto,,,,,,,,,https://www.mavinfurniture.com/products/cases/rialto/
,,,,,,,,,,,,,,,,,,,,,Dining Collections,,,,,,Dining Cases,,,,,,,,,,,,,,,,,,,,,,,,,,,,,,,,,,,,,,,,,,,,,,,,,,https://www.mavinfurniture.com/wp-content/uploads/2022/08/mavin-chairs-Hudson-beauty-06.jpg,https://www.mavinfurniture.com/wp-content/uploads/2022/08/cosmoCOSMO_SILO-2.jpg,https://www.mavinfurniture.com/wp-content/uploads/2022/08/cosmo34959COSMO_SILO_ALT_hi.jpg,https://www.mavinfurniture.com/wp-content/uploads/2022/08/cosmo139590CosmoDisplay-Hi-Edit.jpg,https://www.mavinfurniture.com/wp-content/uploads/2022/08/cosmo75848C_DIS_M-CosmoSILO_ALT-Hi.jpg,https://www.mavinfurniture.com/wp-content/uploads/2022/08/mavin-chairs-Gia-beauty-02.jpg,https://www.mavinfurniture.com/wp-content/uploads/2022/08/cosmoCosmo-Server-1.jpg,,,,,,,,,Cosmo Server,,,,,,,,,https://www.mavinfurniture.com/products/cases/cosmo-server/
,,,,,,,,,,,,,,,,,,,,,Dining Collections,,,,,,Dining Chairs,,,,,,,,,,,,,,,,,,,,,,,,,,,,,,,,,,,,,,,,,,,,,,,,,,https://www.mavinfurniture.com/wp-content/uploads/2022/08/mavin-chairs-blair-beauty.jpg,https://www.mavinfurniture.com/wp-content/uploads/2022/08/mavin-chair-blair-BLR5304-3.jpg,https://www.mavinfurniture.com/wp-content/uploads/2022/08/mavin-chair-blair-BLR5304-4.jpg,https://www.mavinfurniture.com/wp-content/uploads/2022/08/mavin-chair-blair-BLR5302.jpg,https://www.mavinfurniture.com/wp-content/uploads/2022/08/mavin-chair-blair-BLR5302-2.jpg,https://www.mavinfurniture.com/wp-content/uploads/2022/08/mavin-chair-blair-BLR5304-2.jpg,https://www.mavinfurniture.com/wp-content/uploads/2022/08/mavin-chair-blair-BLR5304.jpg,,,,,,,,,Blair,,,,,,,,,https://www.mavinfurniture.com/products/chairs/blair/
,,,,,,,,,,,,,,,,,,,,,Dining Collections,,,,,,Dining Cases,,,,,,,,,,,,,,,,,,,,,,,,,,,,,,,,,,,,,,,,,,,,,,,,,,https://www.mavinfurniture.com/wp-content/uploads/2022/08/mavin-chairs-Hannah-beauty-02.jpg,https://www.mavinfurniture.com/wp-content/uploads/2022/08/jamestown96120jamestownbuffet-Hi.jpg,https://www.mavinfurniture.com/wp-content/uploads/2022/08/jamestown123759J_BUF_M_SILO-Hi.jpg,https://www.mavinfurniture.com/wp-content/uploads/2022/08/jamestown69942J_BUF-M-SILO_ALT-Hi.jpg,https://www.mavinfurniture.com/wp-content/uploads/2022/08/jamestownJamestown-Hutch-Buffet-1.jpg,,,,,,,,,,,Jamestown Buffet,,,,,,,,,https://www.mavinfurniture.com/products/cases/jamestown/
,,,,,,,,,,,,,,,,,,,,,Dining Collections,,,,,,Dining Chairs,,,,,,,,,,,,,,,,,,,,,,,,,,,,,,,,,,,,,,,,,,,,,,,,,,https://www.mavinfurniture.com/wp-content/uploads/38X84_TABLE_RS-1.jpg,https://www.mavinfurniture.com/wp-content/uploads/38X84_TABLE_WS_1.jpg,,,,,,,,,,,,,,Wexford,,,,,,,,,https://www.mavinfurniture.com/products/chairs/wexford/
,,,,,,,,,,,,,,,,,,,,,Dining Collections,,,,,,Dining Chairs,,,,,,,,,,,,,,,,,,,,,,,,,,,,,,,,,,,,,,,,,,,,,,,,,,https://www.mavinfurniture.com/wp-content/uploads/2022/08/mavin-chairs-brinkley-beauty.jpg,https://www.mavinfurniture.com/wp-content/uploads/2022/08/mavin-chairs-brinkley-BNK5804-2.jpg,https://www.mavinfurniture.com/wp-content/uploads/2022/08/mavin-chairs-brinkley-BNK5804.jpg,https://www.mavinfurniture.com/wp-content/uploads/2022/08/mavin-chairs-brinkley-BNK5802-2.jpg,https://www.mavinfurniture.com/wp-content/uploads/2022/08/mavin-chairs-brinkley-BNK5802.jpg,,,,,,,,,,,Brinkley,,,,,,,,,https://www.mavinfurniture.com/products/chairs/brinkley/
,,,,,,,,,,,,,,,,,,,,,Dining Collections,,,,,,Dining Chairs,,,,,,,,,,,,,,,,,,,,,,,,,,,,,,,,,,,,,,,,,,,,,,,,,,https://www.mavinfurniture.com/wp-content/uploads/2022/08/mavin-chairs-bently-beauty.jpg,https://www.mavinfurniture.com/wp-content/uploads/2022/08/mavin-chairs-bently-bty0502-2.jpg,https://www.mavinfurniture.com/wp-content/uploads/2022/08/mavin-chairs-bently-bty0502-3.jpg,https://www.mavinfurniture.com/wp-content/uploads/2022/08/mavin-chairs-bently-bty0504-2.jpg,https://www.mavinfurniture.com/wp-content/uploads/2022/08/mavin-chairs-bently-bty0504-3.jpg,https://www.mavinfurniture.com/wp-content/uploads/2022/08/mavin-chairs-bently-bty0504.jpg,https://www.mavinfurniture.com/wp-content/uploads/2022/08/mavin-chairs-bently-bty0502.jpg,,,,,,,,,Bently,,,,,,,,,https://www.mavinfurniture.com/products/chairs/bently/
,,,,,,,,,,,,,,,,,,,,,Dining Collections,,,,,,Dining Chairs,,,,,,,,,,,,,,,,,,,,,,,,,,,,,,,,,,,,,,,,,,,,,,,,,,https://www.mavinfurniture.com/wp-content/uploads/MV_DiningRoom_Dutton_view01.jpg,https://www.mavinfurniture.com/wp-content/uploads/MV_DiningRoom_Dutton_view02.jpg,https://www.mavinfurniture.com/wp-content/uploads/Dutton-Caster-Chair_Qt-SawOak_402-Mocha_2408-Cascade_Front.jpg,https://www.mavinfurniture.com/wp-content/uploads/Dutton-Caster-Chair_Qt-SawOak_402-Mocha_2408-Cascade_Angle.jpg,,,,,,,,,,,,Dutton,,,,,,,,,https://www.mavinfurniture.com/products/chairs/dutton/
,,,,,,,,,,,,,,,,,,,,,Dining Collections,,,,,,Dining Cases,,,,,,,,,,,,,,,,,,,,,,,,,,,,,,,,,,,,,,,,,,,,,,,,,,https://www.mavinfurniture.com/wp-content/uploads/2022/08/mavin-chairs-aspen-beauty-2.jpg,https://www.mavinfurniture.com/wp-content/uploads/2022/08/highland99958H_HUT_BUF_C_SILOedit1_hi.jpg,https://www.mavinfurniture.com/wp-content/uploads/2022/08/highland105020HIGHLANDBUFFETHUTCH6lights-hi.jpg,https://www.mavinfurniture.com/wp-content/uploads/2022/08/highland127753HIGHLANDBUFFETHUTCH4lights-hi.jpg,,,,,,,,,,,,Highland Buffet,,,,,,,,,https://www.mavinfurniture.com/products/cases/highland/
,,,,,,,,,,,,,,,,,,,,,Dining Collections,,,,,,Dining Chairs,,,,,,,,,,,,,,,,,,,,,,,,,,,,,,,,,,,,,,,,,,,,,,,,,,https://www.mavinfurniture.com/wp-content/uploads/6060_DINING_WS_2.jpg,https://www.mavinfurniture.com/wp-content/uploads/6060_DINING_WS-1.jpg,https://www.mavinfurniture.com/wp-content/uploads/6060_DINING_RS.jpg,https://www.mavinfurniture.com/wp-content/uploads/6060_DINING_DETAILS_1.jpg,https://www.mavinfurniture.com/wp-content/uploads/CANTEBURY_CHAIR_SILO_HO.jpg,https://www.mavinfurniture.com/wp-content/uploads/CANTEBURY_CHAIR_SILO_ALT.jpg,,,,,,,,,,Canterbury,,,,,,,,,https://www.mavinfurniture.com/products/chairs/canterbury/
,,,,,,,,,,,,,,,,,,,,,Dining Collections,,,,,,Dining Chairs,,,,,,,,,,,,,,,,,,,,,,,,,,,,,,,,,,,,,,,,,,,,,,,,,,https://www.mavinfurniture.com/wp-content/uploads/2022/08/mavin-chairs-Weston-beauty-09.jpg,https://www.mavinfurniture.com/wp-content/uploads/2022/08/mavin-chairs-Weston-WES6802-2-16.jpg,https://www.mavinfurniture.com/wp-content/uploads/2022/08/mavin-chairs-Weston-WES6802-15.jpg,https://www.mavinfurniture.com/wp-content/uploads/2022/08/CHAIRS-WESTON-89225WESTON_SIDE_SILO_3-4_hi.jpg,https://www.mavinfurniture.com/wp-content/uploads/2022/08/CHAIRS-WESTON-34982WESTON_SIDE_SILO_HO_hi.jpg,,,,,,,,,,,Weston,,,,,,,,,https://www.mavinfurniture.com/products/chairs/weston/
,,,,,,,,,,,,,,,,,,,,,Dining Collections,,,,,,Dining Chairs,,,,,,,,,,,,,,,,,,,,,,,,,,,,,,,,,,,,,,,,,,,,,,,,,,https://www.mavinfurniture.com/wp-content/uploads/2022/08/mavin-chairs-Rochester-beauty-03.jpg,https://www.mavinfurniture.com/wp-content/uploads/2022/08/mavin-chairs-Rochester-RCH1204-2-07.jpg,https://www.mavinfurniture.com/wp-content/uploads/2022/08/mavin-chairs-Rochester-RCH1204-3-08.jpg,,,,,,,,,,,,,Rochester,,,,,,,,,https://www.mavinfurniture.com/products/chairs/rochester/
,,,,,,,,,,,,,,,,,,,,,Dining Collections,,,,,,Dining Chairs,,,,,,,,,,,,,,,,,,,,,,,,,,,,,,,,,,,,,,,,,,,,,,,,,,https://www.mavinfurniture.com/wp-content/uploads/2022/08/mavin-chairs-Dexter-DEX5104-01.jpg,https://www.mavinfurniture.com/wp-content/uploads/2022/08/mavin-chairs-Dexter-DEX5104-2-02.jpg,https://www.mavinfurniture.com/wp-content/uploads/2022/08/mavin-chairs-Dexter-DEX5104-3-07.jpg,https://www.mavinfurniture.com/wp-content/uploads/2022/08/mavin-chairs-Dexter-DEX5104-4-08.jpg,https://www.mavinfurniture.com/wp-content/uploads/Dexter_Concave_Harrison_Dara-com-fabric-full.webp,,,,,,,,,,,Dexter,,,,,,,,,https://www.mavinfurniture.com/products/chairs/dexter/
,,,,,,,,,,,,,,,,,,,,,Dining Collections,,,,,,Dining Chairs,,,,,,,,,,,,,,,,,,,,,,,,,,,,,,,,,,,,,,,,,,,,,,,,,,https://www.mavinfurniture.com/wp-content/uploads/2022/08/mavin-chairs-Norwalk-beauty-04.jpg,https://www.mavinfurniture.com/wp-content/uploads/2022/08/mavin-chairs-Norwalk-NOR7114-02.jpg,https://www.mavinfurniture.com/wp-content/uploads/2022/08/mavin-chairs-Norwalk-NOR7114-2-03.jpg,,,,,,,,,,,,,Norwalk,,,,,,,,,https://www.mavinfurniture.com/products/chairs/norwalk/
,,,,,,,,,,,,,,,,,,,,,Dining Collections,,,,,,Dining Chairs,,,,,,,,,,,,,,,,,,,,,,,,,,,,,,,,,,,,,,,,,,,,,,,,,,https://www.mavinfurniture.com/wp-content/uploads/Dallas_Cosmo_Tropez_Toulon.jpg,https://www.mavinfurniture.com/wp-content/uploads/4272_COSMO_DINING_WS_wDallas_2.jpg,https://www.mavinfurniture.com/wp-content/uploads/4272_COSMO_DINING_WS_wDallas_1.jpg,https://www.mavinfurniture.com/wp-content/uploads/th-Dallas-8214-1.jpg,https://www.mavinfurniture.com/wp-content/uploads/th-Dallas-8212-2-1.jpg,https://www.mavinfurniture.com/wp-content/uploads/Dallas_Sidechair_Rye_Front.jpg,https://www.mavinfurniture.com/wp-content/uploads/Dallas_Sidechair_Rye_Angle.jpg,,,,,,,,,Dallas,,,,,,,,,https://www.mavinfurniture.com/products/chairs/dallas/
,,,,,,,,,,,,,,,,,,,,,Bedroom Collections,,,,,,Bedroom Collections,,,,,,,,,,,,,,,,,,,,,,,,,,,,,,,,,,,,,,,,,,,,,,,,,,https://www.mavinfurniture.com/wp-content/uploads/2022/08/84127AmericanCraftsmanPanelBedGroup09433-09230-09201-EDIT2_hi.jpg,https://www.mavinfurniture.com/wp-content/uploads/2022/08/12192109433AmericanCraftsmanPanelbedQurailsilo-EDIT2_hi.jpg,https://www.mavinfurniture.com/wp-content/uploads/2022/08/12711609433AmericanCraftsmanPanelbedQurailsilo-ALT-EDIT2_hi.jpg,https://www.mavinfurniture.com/wp-content/uploads/2022/08/8908909255AmericanCraftsmanArmoire2-hi.jpg,https://www.mavinfurniture.com/wp-content/uploads/2022/08/11042909270AmericanCraftsmanLingerieChest1-hi.jpg,https://www.mavinfurniture.com/wp-content/uploads/2022/08/11274609267AmericanCraftsmanChest8-hi.jpg,https://www.mavinfurniture.com/wp-content/uploads/2022/08/14907609251AmericanCraftsmanDresser509301Mirror-hi.jpg,https://www.mavinfurniture.com/wp-content/uploads/2022/08/6118409201AmericanCraftsmanNightstand1-hi.jpg,,,,,,,,Adrienne,,,,,,"The timeless craftsman design allows the beauty of the wood to take center stage. The strong lines bring a feeling of luxurious stability to any bedroom. Available in a variety of wood species and finishes, each piece is crafted by skilled artisans to exact specifications. Coordinating nightstands, dressers, mirrors and chests are also available.",,,https://www.mavinfurniture.com/products/bedrooms/american-craftsman/
